Driver,Nationality,Seasons,Championships,Race_Entries,Race_Starts,Pole_Positions,Race_Wins,Podiums,Fastest_Laps,Points,Active,Championship Years,Decade,Pole_Rate,Start_Rate,Win_Rate,Podium_Rate,FastLap_Rate,Points_Per_Entry,Years_Active,Champion,Cluster
Carlo Abate,Italy,"[1962, 1963]",0.0,3.0,0.0,0.0,0.0,0.0,0.0,0.0,False,,1960,0.0,0.0,0.0,0.0,0.0,0.0,2,False,1
George Abecassis,United Kingdom,"[1951, 1952]",0.0,2.0,2.0,0.0,0.0,0.0,0.0,0.0,False,,1950,0.0,1.0,0.0,0.0,0.0,0.0,2,False,1
Kenny Acheson,United Kingdom,"[1983, 1985]",0.0,10.0,3.0,0.0,0.0,0.0,0.0,0.0,False,,1980,0.0,0.3,0.0,0.0,0.0,0.0,2,False,1
Andrea de Adamich,Italy,"[1968, 1970, 1971, 1972, 1973]",0.0,36.0,30.0,0.0,0.0,0.0,0.0,6.0,False,,1970,0.0,0.8333333333333334,0.0,0.0,0.0,0.1666666666666666,5,False,1
Philippe Adams,Belgium,[1994],0.0,2.0,2.0,0.0,0.0,0.0,0.0,0.0,False,,1990,0.0,1.0,0.0,0.0,0.0,0.0,1,False,1
Walt Ader,United States,[1950],0.0,1.0,1.0,0.0,0.0,0.0,0.0,0.0,False,,1950,0.0,1.0,0.0,0.0,0.0,0.0,1,False,1
Kurt Adolff,West Germany,[1953],0.0,1.0,1.0,0.0,0.0,0.0,0.0,0.0,False,,1950,0.0,1.0,0.0,0.0,0.0,0.0,1,False,1
Fred Agabashian,United States,"[1950, 1951, 1952, 1953, 1954, 1955, 1956, 1957]",0.0,9.0,8.0,1.0,0.0,0.0,0.0,1.5,False,,1950,0.1111111111111111,0.8888888888888888,0.0,0.0,0.0,0.1666666666666666,8,False,1
Kurt Ahrens Jr.,West Germany,"[1966, 1967, 1968, 1969]",0.0,4.0,4.0,0.0,0.0,0.0,0.0,0.0,False,,1970,0.0,1.0,0.0,0.0,0.0,0.0,4,False,1
Jack Aitken,United Kingdom,[2020],0.0,1.0,1.0,0.0,0.0,0.0,0.0,0.0,False,,2020,0.0,1.0,0.0,0.0,0.0,0.0,1,False,1
Christijan Albers,Netherlands,"[2005, 2006, 2007]",0.0,46.0,46.0,0.0,0.0,0.0,0.0,4.0,False,,2010,0.0,1.0,0.0,0.0,0.0,0.0869565217391304,3,False,1
Alexander Albon,Thailand,"[2019, 2020, 2022]",0.0,61.0,60.0,0.0,0.0,2.0,0.0,202.0,True,,2020,0.0,0.9836065573770492,0.0,0.0327868852459016,0.0,3.3114754098360657,3,False,1
Michele Alboreto,Italy,"[1981, 1982, 1983, 1984, 1985, 1986, 1987, 1988, 1989, 1990, 1991, 1992, 1993, 1994]",0.0,215.0,194.0,2.0,5.0,23.0,5.0,186.5,False,,1990,0.0093023255813953,0.9023255813953488,0.0232558139534883,0.1069767441860465,0.0232558139534883,0.8674418604651163,14,False,0
Jean Alesi,France,"[1989, 1990, 1991, 1992, 1993, 1994, 1995, 1996, 1997, 1998, 1999, 2000, 2001]",0.0,202.0,201.0,2.0,1.0,32.0,4.0,241.0,False,,2000,0.0099009900990099,0.995049504950495,0.0049504950495049,0.1584158415841584,0.0198019801980198,1.193069306930693,13,False,0
Jaime Alguersuari,Spain,"[2009, 2010, 2011]",0.0,46.0,46.0,0.0,0.0,0.0,0.0,31.0,False,,2010,0.0,1.0,0.0,0.0,0.0,0.6739130434782609,3,False,1
Philippe Alliot,France,"[1984, 1985, 1986, 1987, 1988, 1989, 1990, 1993, 1994]",0.0,116.0,109.0,0.0,0.0,0.0,0.0,7.0,False,,1990,0.0,0.9396551724137931,0.0,0.0,0.0,0.0603448275862069,9,False,1
Cliff Allison,United Kingdom,"[1958, 1959, 1960, 1961]",0.0,18.0,16.0,0.0,0.0,1.0,0.0,11.0,False,,1960,0.0,0.8888888888888888,0.0,0.0555555555555555,0.0,0.6111111111111112,4,False,1
Fernando Alonso,Spain,"[2001, 2003, 2004, 2005, 2006, 2007, 2008, 2009, 2010, 2011, 2012, 2013, 2014, 2015, 2016, 2017, 2018, 2021, 2022]",2.0,359.0,356.0,22.0,32.0,99.0,23.0,2076.0,True,"[2005, 2006]",2010,0.0612813370473537,0.9916434540389972,0.0891364902506963,0.2757660167130919,0.064066852367688,5.782729805013927,19,True,2
Giovanna Amati,Italy,[1992],0.0,3.0,0.0,0.0,0.0,0.0,0.0,0.0,False,,1990,0.0,0.0,0.0,0.0,0.0,0.0,1,False,1
George Amick,United States,[1958],0.0,2.0,1.0,0.0,0.0,1.0,0.0,6.0,False,,1960,0.0,0.5,0.0,0.5,0.0,3.0,1,False,1
Red Amick,United States,"[1959, 1960]",0.0,2.0,2.0,0.0,0.0,0.0,0.0,0.0,False,,1960,0.0,1.0,0.0,0.0,0.0,0.0,2,False,1
Chris Amon,New Zealand,"[1963, 1964, 1965, 1966, 1967, 1968, 1969, 1970, 1971, 1972, 1973, 1974, 1975, 1976]",0.0,108.0,96.0,5.0,0.0,11.0,3.0,83.0,False,,1970,0.0462962962962962,0.8888888888888888,0.0,0.1018518518518518,0.0277777777777777,0.7685185185185185,14,False,0
Bob Anderson,United Kingdom,"[1963, 1964, 1965, 1966, 1967]",0.0,29.0,25.0,0.0,0.0,1.0,0.0,8.0,False,,1960,0.0,0.8620689655172413,0.0,0.0344827586206896,0.0,0.2758620689655172,5,False,1
Conny Andersson,Sweden,"[1976, 1977]",0.0,5.0,1.0,0.0,0.0,0.0,0.0,0.0,False,,1980,0.0,0.2,0.0,0.0,0.0,0.0,2,False,1
Emil Andres,United States,[1950],0.0,1.0,0.0,0.0,0.0,0.0,0.0,0.0,False,,1950,0.0,0.0,0.0,0.0,0.0,0.0,1,False,1
Mario Andretti,United States,"[1968, 1969, 1970, 1971, 1972, 1974, 1975, 1976, 1977, 1978, 1979, 1980, 1981, 1982]",1.0,131.0,128.0,18.0,12.0,19.0,10.0,180.0,False,[1978],1980,0.1374045801526717,0.9770992366412212,0.0916030534351145,0.1450381679389313,0.0763358778625954,1.3740458015267176,14,True,0
Michael Andretti,United States,[1993],0.0,13.0,13.0,0.0,0.0,1.0,0.0,7.0,False,,1990,0.0,1.0,0.0,0.0769230769230769,0.0,0.5384615384615384,1,False,1
Keith Andrews,United States,"[1955, 1956]",0.0,3.0,2.0,0.0,0.0,0.0,0.0,0.0,False,,1960,0.0,0.6666666666666666,0.0,0.0,0.0,0.0,2,False,1
Elio de Angelis,Italy,"[1979, 1980, 1981, 1982, 1983, 1984, 1985, 1986]",0.0,109.0,108.0,3.0,2.0,9.0,0.0,122.0,False,,1980,0.0275229357798165,0.9908256880733946,0.018348623853211,0.0825688073394495,0.0,1.1192660550458715,8,False,0
Marco Apicella,Italy,[1993],0.0,1.0,1.0,0.0,0.0,0.0,0.0,0.0,False,,1990,0.0,1.0,0.0,0.0,0.0,0.0,1,False,1
Mário de Araújo Cabral,Portugal,"[1959, 1960, 1963, 1964]",0.0,5.0,4.0,0.0,0.0,0.0,0.0,0.0,False,,1960,0.0,0.8,0.0,0.0,0.0,0.0,4,False,1
Frank Armi,United States,[1954],0.0,3.0,1.0,0.0,0.0,0.0,0.0,0.0,False,,1950,0.0,0.3333333333333333,0.0,0.0,0.0,0.0,1,False,1
Chuck Arnold,United States,[1959],0.0,2.0,1.0,0.0,0.0,0.0,0.0,0.0,False,,1960,0.0,0.5,0.0,0.0,0.0,0.0,1,False,1
René Arnoux,France,"[1978, 1979, 1980, 1981, 1982, 1983, 1984, 1985, 1986, 1987, 1988, 1989]",0.0,164.0,149.0,18.0,7.0,22.0,12.0,181.0,False,,1980,0.1097560975609756,0.9085365853658536,0.0426829268292682,0.1341463414634146,0.073170731707317,1.103658536585366,12,False,0
Peter Arundell,United Kingdom,"[1963, 1964, 1966]",0.0,13.0,11.0,0.0,0.0,2.0,0.0,12.0,False,,1960,0.0,0.8461538461538461,0.0,0.1538461538461538,0.0,0.9230769230769232,3,False,1
Alberto Ascari,Italy,"[1950, 1951, 1952, 1953, 1954, 1955]",2.0,33.0,32.0,14.0,13.0,17.0,12.0,107.64,False,"[1952, 1953]",1950,0.4242424242424242,0.9696969696969696,0.3939393939393939,0.5151515151515151,0.3636363636363636,3.2618181818181817,6,True,2
Peter Ashdown,United Kingdom,[1959],0.0,1.0,1.0,0.0,0.0,0.0,0.0,0.0,False,,1960,0.0,1.0,0.0,0.0,0.0,0.0,1,False,1
Ian Ashley,United Kingdom,"[1974, 1975, 1976, 1977]",0.0,11.0,4.0,0.0,0.0,0.0,0.0,0.0,False,,1980,0.0,0.3636363636363636,0.0,0.0,0.0,0.0,4,False,1
Gerry Ashmore,United Kingdom,"[1961, 1962]",0.0,4.0,3.0,0.0,0.0,0.0,0.0,0.0,False,,1960,0.0,0.75,0.0,0.0,0.0,0.0,2,False,1
Bill Aston,United Kingdom,[1952],0.0,3.0,1.0,0.0,0.0,0.0,0.0,0.0,False,,1950,0.0,0.3333333333333333,0.0,0.0,0.0,0.0,1,False,1
Richard Attwood,United Kingdom,"[1964, 1965, 1967, 1968, 1969]",0.0,17.0,16.0,0.0,0.0,1.0,1.0,11.0,False,,1970,0.0,0.9411764705882352,0.0,0.0588235294117647,0.0588235294117647,0.6470588235294118,5,False,1
Manny Ayulo,United States,"[1951, 1952, 1953, 1954]",0.0,6.0,4.0,0.0,0.0,1.0,0.0,2.0,False,,1950,0.0,0.6666666666666666,0.0,0.1666666666666666,0.0,0.3333333333333333,4,False,1
Luca Badoer,Italy,"[1993, 1995, 1996, 1999, 2009]",0.0,58.0,50.0,0.0,0.0,0.0,0.0,0.0,False,,2000,0.0,0.8620689655172413,0.0,0.0,0.0,0.0,5,False,1
Giancarlo Baghetti,Italy,"[1961, 1962, 1963, 1964, 1965, 1966, 1967]",0.0,21.0,21.0,0.0,1.0,1.0,1.0,14.0,False,,1960,0.0,1.0,0.0476190476190476,0.0476190476190476,0.0476190476190476,0.6666666666666666,7,False,1
Julian Bailey,United Kingdom,"[1988, 1991]",0.0,20.0,7.0,0.0,0.0,0.0,0.0,1.0,False,,1990,0.0,0.35,0.0,0.0,0.0,0.05,2,False,1
Mauro Baldi,Italy,"[1982, 1983, 1984, 1985]",0.0,41.0,36.0,0.0,0.0,0.0,0.0,5.0,False,,1980,0.0,0.8780487804878049,0.0,0.0,0.0,0.1219512195121951,4,False,1
Bobby Ball,United States,"[1951, 1952]",0.0,2.0,2.0,0.0,0.0,0.0,0.0,2.0,False,,1950,0.0,1.0,0.0,0.0,0.0,1.0,2,False,1
Marcel Balsa,France,[1952],0.0,1.0,1.0,0.0,0.0,0.0,0.0,0.0,False,,1950,0.0,1.0,0.0,0.0,0.0,0.0,1,False,1
Lorenzo Bandini,Italy,"[1961, 1962, 1963, 1964, 1965, 1966, 1967]",0.0,42.0,42.0,1.0,1.0,8.0,2.0,58.0,False,,1960,0.0238095238095238,1.0,0.0238095238095238,0.1904761904761904,0.0476190476190476,1.380952380952381,7,False,1
Henry Banks,United States,"[1950, 1951, 1952]",0.0,5.0,3.0,0.0,0.0,0.0,0.0,0.0,False,,1950,0.0,0.6,0.0,0.0,0.0,0.0,3,False,1
Fabrizio Barbazza,Italy,"[1991, 1993]",0.0,20.0,8.0,0.0,0.0,0.0,0.0,2.0,False,,1990,0.0,0.4,0.0,0.0,0.0,0.1,2,False,1
John Barber,United Kingdom,[1953],0.0,1.0,1.0,0.0,0.0,0.0,0.0,0.0,False,,1950,0.0,1.0,0.0,0.0,0.0,0.0,1,False,1
Skip Barber,United States,"[1971, 1972]",0.0,6.0,5.0,0.0,0.0,0.0,0.0,0.0,False,,1970,0.0,0.8333333333333334,0.0,0.0,0.0,0.0,2,False,1
Paolo Barilla,Italy,"[1989, 1990]",0.0,15.0,9.0,0.0,0.0,0.0,0.0,0.0,False,,1990,0.0,0.6,0.0,0.0,0.0,0.0,2,False,1
Rubens Barrichello,Brazil,"[1993, 1994, 1995, 1996, 1997, 1998, 1999, 2000, 2001, 2002, 2003, 2004, 2005, 2006, 2007, 2008, 2009, 2010, 2011]",0.0,326.0,322.0,14.0,11.0,68.0,17.0,658.0,False,,2000,0.0429447852760736,0.9877300613496932,0.0337423312883435,0.2085889570552147,0.0521472392638036,2.01840490797546,19,False,0
Michael Bartels,Germany,[1991],0.0,4.0,0.0,0.0,0.0,0.0,0.0,0.0,False,,1990,0.0,0.0,0.0,0.0,0.0,0.0,1,False,1
Edgar Barth,"East Germany, West Germany","[1953, 1957, 1958, 1960, 1961, 1964]",0.0,7.0,5.0,0.0,0.0,0.0,0.0,0.0,False,,1960,0.0,0.7142857142857143,0.0,0.0,0.0,0.0,6,False,1
Giorgio Bassi,Italy,[1965],0.0,1.0,1.0,0.0,0.0,0.0,0.0,0.0,False,,1960,0.0,1.0,0.0,0.0,0.0,0.0,1,False,1
Erwin Bauer,West Germany,[1953],0.0,1.0,1.0,0.0,0.0,0.0,0.0,0.0,False,,1950,0.0,1.0,0.0,0.0,0.0,0.0,1,False,1
Zsolt Baumgartner,Hungary,"[2003, 2004]",0.0,20.0,20.0,0.0,0.0,0.0,0.0,1.0,False,,2000,0.0,1.0,0.0,0.0,0.0,0.05,2,False,1
Élie Bayol,France,"[1952, 1953, 1954, 1955, 1956]",0.0,8.0,7.0,0.0,0.0,0.0,0.0,2.0,False,,1950,0.0,0.875,0.0,0.0,0.0,0.25,5,False,1
Don Beauman,United Kingdom,[1954],0.0,1.0,1.0,0.0,0.0,0.0,0.0,0.0,False,,1950,0.0,1.0,0.0,0.0,0.0,0.0,1,False,1
Karl-Günther Bechem[g],West Germany,"[1952, 1953]",0.0,2.0,2.0,0.0,0.0,0.0,0.0,0.0,False,,1950,0.0,1.0,0.0,0.0,0.0,0.0,2,False,1
Jean Behra,France,"[1952, 1953, 1954, 1955, 1956, 1957, 1958, 1959]",0.0,53.0,52.0,0.0,0.0,9.0,1.0,51.14,False,,1960,0.0,0.981132075471698,0.0,0.1698113207547169,0.0188679245283018,0.9649056603773584,8,False,1
Derek Bell,United Kingdom,"[1968, 1969, 1970, 1971, 1972, 1974]",0.0,16.0,9.0,0.0,0.0,0.0,0.0,1.0,False,,1970,0.0,0.5625,0.0,0.0,0.0,0.0625,6,False,1
Stefan Bellof,West Germany,"[1984, 1985]",0.0,22.0,20.0,0.0,0.0,0.0,0.0,4.0,False,,1980,0.0,0.9090909090909092,0.0,0.0,0.0,0.1818181818181818,2,False,1
Paul Belmondo,France,"[1992, 1994]",0.0,27.0,7.0,0.0,0.0,0.0,0.0,0.0,False,,1990,0.0,0.2592592592592592,0.0,0.0,0.0,0.0,2,False,1
Tom Belsø,Denmark,"[1973, 1974]",0.0,5.0,2.0,0.0,0.0,0.0,0.0,0.0,False,,1970,0.0,0.4,0.0,0.0,0.0,0.0,2,False,1
Jean-Pierre Beltoise,France,"[1967, 1968, 1969, 1970, 1971, 1972, 1973, 1974]",0.0,88.0,86.0,0.0,1.0,8.0,4.0,77.0,False,,1970,0.0,0.9772727272727272,0.0113636363636363,0.0909090909090909,0.0454545454545454,0.875,8,False,0
Olivier Beretta,Monaco,[1994],0.0,10.0,9.0,0.0,0.0,0.0,0.0,0.0,False,,1990,0.0,0.9,0.0,0.0,0.0,0.0,1,False,1
Allen Berg,Canada,[1986],0.0,9.0,9.0,0.0,0.0,0.0,0.0,0.0,False,,1990,0.0,1.0,0.0,0.0,0.0,0.0,1,False,1
Georges Berger,Belgium,"[1953, 1954]",0.0,2.0,2.0,0.0,0.0,0.0,0.0,0.0,False,,1950,0.0,1.0,0.0,0.0,0.0,0.0,2,False,1
Gerhard Berger,Austria,"[1984, 1985, 1986, 1987, 1988, 1989, 1990, 1991, 1992, 1993, 1994, 1995, 1996, 1997]",0.0,210.0,210.0,12.0,10.0,48.0,21.0,385.0,False,,1990,0.0571428571428571,1.0,0.0476190476190476,0.2285714285714285,0.1,1.8333333333333333,14,False,0
Éric Bernard,France,"[1989, 1990, 1991, 1994]",0.0,47.0,45.0,0.0,0.0,1.0,0.0,10.0,False,,1990,0.0,0.9574468085106383,0.0,0.0212765957446808,0.0,0.2127659574468085,4,False,1
Enrique Bernoldi,Brazil,"[2001, 2002]",0.0,29.0,28.0,0.0,0.0,0.0,0.0,0.0,False,,2000,0.0,0.9655172413793104,0.0,0.0,0.0,0.0,2,False,1
Enrico Bertaggia,Italy,[1989],0.0,6.0,0.0,0.0,0.0,0.0,0.0,0.0,False,,1990,0.0,0.0,0.0,0.0,0.0,0.0,1,False,1
Tony Bettenhausen,United States,"[1950, 1951, 1952, 1953, 1954, 1955, 1956, 1957, 1958, 1959, 1960]",0.0,11.0,11.0,0.0,0.0,1.0,1.0,11.0,False,,1960,0.0,1.0,0.0,0.0909090909090909,0.0909090909090909,1.0,11,False,1
Mike Beuttler,United Kingdom,"[1971, 1972, 1973]",0.0,29.0,28.0,0.0,0.0,0.0,0.0,0.0,False,,1970,0.0,0.9655172413793104,0.0,0.0,0.0,0.0,3,False,1
Birabongse Bhanudej,Thailand,"[1950, 1951, 1952, 1953, 1954]",0.0,19.0,19.0,0.0,0.0,0.0,0.0,8.0,False,,1950,0.0,1.0,0.0,0.0,0.0,0.4210526315789473,5,False,1
Jules Bianchi,France,"[2013, 2014]",0.0,34.0,34.0,0.0,0.0,0.0,0.0,2.0,False,,2010,0.0,1.0,0.0,0.0,0.0,0.0588235294117647,2,False,1
Lucien Bianchi,Belgium,"[1959, 1960, 1961, 1962, 1963, 1965, 1968]",0.0,19.0,17.0,0.0,0.0,1.0,0.0,6.0,False,,1960,0.0,0.8947368421052632,0.0,0.0526315789473684,0.0,0.3157894736842105,7,False,1
Gino Bianco,Brazil,[1952],0.0,4.0,4.0,0.0,0.0,0.0,0.0,0.0,False,,1950,0.0,1.0,0.0,0.0,0.0,0.0,1,False,1
Hans Binder,Austria,"[1976, 1977, 1978]",0.0,15.0,13.0,0.0,0.0,0.0,0.0,0.0,False,,1980,0.0,0.8666666666666667,0.0,0.0,0.0,0.0,3,False,1
Clemente Biondetti,Italy,[1950],0.0,1.0,1.0,0.0,0.0,0.0,0.0,0.0,False,,1950,0.0,1.0,0.0,0.0,0.0,0.0,1,False,1
Pablo Birger,Argentina,"[1953, 1955]",0.0,2.0,2.0,0.0,0.0,0.0,0.0,0.0,False,,1950,0.0,1.0,0.0,0.0,0.0,0.0,2,False,1
Art Bisch,United States,[1958],0.0,1.0,1.0,0.0,0.0,0.0,0.0,0.0,False,,1960,0.0,1.0,0.0,0.0,0.0,0.0,1,False,1
Harry Blanchard,United States,[1959],0.0,1.0,1.0,0.0,0.0,0.0,0.0,0.0,False,,1960,0.0,1.0,0.0,0.0,0.0,0.0,1,False,1
Michael Bleekemolen,Netherlands,"[1977, 1978]",0.0,5.0,1.0,0.0,0.0,0.0,0.0,0.0,False,,1980,0.0,0.2,0.0,0.0,0.0,0.0,2,False,1
Alex Blignaut,South Africa,[1965],0.0,1.0,0.0,0.0,0.0,0.0,0.0,0.0,False,,1960,0.0,0.0,0.0,0.0,0.0,0.0,1,False,1
Trevor Blokdyk,South Africa,"[1963, 1965]",0.0,2.0,1.0,0.0,0.0,0.0,0.0,0.0,False,,1960,0.0,0.5,0.0,0.0,0.0,0.0,2,False,1
Mark Blundell,United Kingdom,"[1991, 1993, 1994, 1995]",0.0,63.0,61.0,0.0,0.0,3.0,0.0,32.0,False,,1990,0.0,0.9682539682539684,0.0,0.0476190476190476,0.0,0.5079365079365079,4,False,1
Raul Boesel,Brazil,"[1982, 1983]",0.0,30.0,23.0,0.0,0.0,0.0,0.0,0.0,False,,1980,0.0,0.7666666666666667,0.0,0.0,0.0,0.0,2,False,1
Menato Boffa,Italy,[1961],0.0,1.0,0.0,0.0,0.0,0.0,0.0,0.0,False,,1960,0.0,0.0,0.0,0.0,0.0,0.0,1,False,1
Bob Bondurant,United States,"[1965, 1966]",0.0,9.0,9.0,0.0,0.0,0.0,0.0,3.0,False,,1970,0.0,1.0,0.0,0.0,0.0,0.3333333333333333,2,False,1
Felice Bonetto,Italy,"[1950, 1951, 1952, 1953]",0.0,16.0,15.0,0.0,0.0,2.0,0.0,17.5,False,,1950,0.0,0.9375,0.0,0.125,0.0,1.09375,4,False,1
Jo Bonnier,Sweden,"[1956, 1957, 1958, 1959, 1960, 1961, 1962, 1963, 1964, 1965, 1966, 1967, 1968, 1969, 1970, 1971]",0.0,108.0,104.0,1.0,1.0,1.0,0.0,39.0,False,,1960,0.0092592592592592,0.9629629629629628,0.0092592592592592,0.0092592592592592,0.0,0.3611111111111111,16,False,0
Roberto Bonomi,Argentina,[1960],0.0,1.0,1.0,0.0,0.0,0.0,0.0,0.0,False,,1960,0.0,1.0,0.0,0.0,0.0,0.0,1,False,1
Juan Manuel Bordeu,Argentina,[1961],0.0,1.0,0.0,0.0,0.0,0.0,0.0,0.0,False,,1960,0.0,0.0,0.0,0.0,0.0,0.0,1,False,1
Slim Borgudd,Sweden,"[1981, 1982]",0.0,15.0,10.0,0.0,0.0,0.0,0.0,1.0,False,,1980,0.0,0.6666666666666666,0.0,0.0,0.0,0.0666666666666666,2,False,1
Luki Botha,South Africa,[1967],0.0,1.0,1.0,0.0,0.0,0.0,0.0,0.0,False,,1970,0.0,1.0,0.0,0.0,0.0,0.0,1,False,1
Valtteri Bottas,Finland,"[2013, 2014, 2015, 2016, 2017, 2018, 2019, 2020, 2021, 2022]",0.0,202.0,201.0,20.0,10.0,67.0,19.0,1791.0,True,,2020,0.099009900990099,0.995049504950495,0.0495049504950495,0.3316831683168317,0.094059405940594,8.866336633663366,10,False,0
Jean-Christophe Boullion,France,[1995],0.0,11.0,11.0,0.0,0.0,0.0,0.0,3.0,False,,2000,0.0,1.0,0.0,0.0,0.0,0.2727272727272727,1,False,1
Sébastien Bourdais,France,"[2008, 2009]",0.0,27.0,27.0,0.0,0.0,0.0,0.0,6.0,False,,2010,0.0,1.0,0.0,0.0,0.0,0.2222222222222222,2,False,1
Thierry Boutsen,Belgium,"[1983, 1984, 1985, 1986, 1987, 1988, 1989, 1990, 1991, 1992, 1993]",0.0,164.0,163.0,1.0,3.0,15.0,1.0,132.0,False,,1990,0.0060975609756097,0.9939024390243902,0.0182926829268292,0.0914634146341463,0.0060975609756097,0.8048780487804879,11,False,0
Johnny Boyd,United States,"[1955, 1956, 1957, 1958, 1959, 1960]",0.0,6.0,6.0,0.0,0.0,1.0,0.0,4.0,False,,1960,0.0,1.0,0.0,0.1666666666666666,0.0,0.6666666666666666,6,False,1
David Brabham,Australia,"[1990, 1994]",0.0,30.0,24.0,0.0,0.0,0.0,0.0,0.0,False,,1990,0.0,0.8,0.0,0.0,0.0,0.0,2,False,1
Gary Brabham,Australia,[1990],0.0,2.0,0.0,0.0,0.0,0.0,0.0,0.0,False,,1990,0.0,0.0,0.0,0.0,0.0,0.0,1,False,1
Jack Brabham,Australia,"[1955, 1956, 1957, 1958, 1959, 1960, 1961, 1962, 1963, 1964, 1965, 1966, 1967, 1968, 1969, 1970]",3.0,128.0,126.0,13.0,14.0,31.0,12.0,253.0,False,"[1959, 1960, 1966]",1960,0.1015625,0.984375,0.109375,0.2421875,0.09375,1.9765625,16,True,0
Bill Brack,Canada,"[1968, 1969, 1972]",0.0,3.0,3.0,0.0,0.0,0.0,0.0,0.0,False,,1970,0.0,1.0,0.0,0.0,0.0,0.0,3,False,1
Ernesto Brambilla,Italy,"[1963, 1969]",0.0,2.0,0.0,0.0,0.0,0.0,0.0,0.0,False,,1970,0.0,0.0,0.0,0.0,0.0,0.0,2,False,1
Vittorio Brambilla,Italy,"[1974, 1975, 1976, 1977, 1978, 1979, 1980]",0.0,79.0,74.0,1.0,1.0,1.0,1.0,15.5,False,,1980,0.0126582278481012,0.9367088607594936,0.0126582278481012,0.0126582278481012,0.0126582278481012,0.1962025316455696,7,False,1
Toni Branca,Switzerland,"[1950, 1951]",0.0,3.0,3.0,0.0,0.0,0.0,0.0,0.0,False,,1950,0.0,1.0,0.0,0.0,0.0,0.0,2,False,1
Gianfranco Brancatelli,Italy,[1979],0.0,3.0,0.0,0.0,0.0,0.0,0.0,0.0,False,,1980,0.0,0.0,0.0,0.0,0.0,0.0,1,False,1
Eric Brandon,United Kingdom,"[1952, 1954]",0.0,5.0,5.0,0.0,0.0,0.0,0.0,0.0,False,,1950,0.0,1.0,0.0,0.0,0.0,0.0,2,False,1
Don Branson,United States,"[1959, 1960]",0.0,2.0,2.0,0.0,0.0,0.0,0.0,3.0,False,,1960,0.0,1.0,0.0,0.0,0.0,1.5,2,False,1
Tom Bridger,United Kingdom,[1958],0.0,1.0,1.0,0.0,0.0,0.0,0.0,0.0,False,,1960,0.0,1.0,0.0,0.0,0.0,0.0,1,False,1
Tony Brise,United Kingdom,[1975],0.0,10.0,10.0,0.0,0.0,0.0,0.0,1.0,False,,1980,0.0,1.0,0.0,0.0,0.0,0.1,1,False,1
Chris Bristow,United Kingdom,"[1959, 1960]",0.0,4.0,4.0,0.0,0.0,0.0,0.0,0.0,False,,1960,0.0,1.0,0.0,0.0,0.0,0.0,2,False,1
Peter Broeker,Canada,[1963],0.0,1.0,1.0,0.0,0.0,0.0,0.0,0.0,False,,1960,0.0,1.0,0.0,0.0,0.0,0.0,1,False,1
Tony Brooks,United Kingdom,"[1956, 1957, 1958, 1959, 1960, 1961]",0.0,39.0,38.0,3.0,6.0,10.0,3.0,75.0,False,,1960,0.0769230769230769,0.9743589743589745,0.1538461538461538,0.2564102564102564,0.0769230769230769,1.9230769230769231,6,False,0
Alan Brown,United Kingdom,"[1952, 1953, 1954]",0.0,9.0,8.0,0.0,0.0,0.0,0.0,2.0,False,,1950,0.0,0.8888888888888888,0.0,0.0,0.0,0.2222222222222222,3,False,1
Walt Brown,United States,"[1950, 1951]",0.0,2.0,2.0,0.0,0.0,0.0,0.0,0.0,False,,1950,0.0,1.0,0.0,0.0,0.0,0.0,2,False,1
Warwick Brown,Australia,[1976],0.0,1.0,1.0,0.0,0.0,0.0,0.0,0.0,False,,1980,0.0,1.0,0.0,0.0,0.0,0.0,1,False,1
Adolf Brudes,West Germany,[1952],0.0,1.0,1.0,0.0,0.0,0.0,0.0,0.0,False,,1950,0.0,1.0,0.0,0.0,0.0,0.0,1,False,1
Martin Brundle,United Kingdom,"[1984, 1985, 1986, 1987, 1988, 1989, 1991, 1992, 1993, 1994, 1995, 1996]",0.0,165.0,158.0,0.0,0.0,9.0,0.0,98.0,False,,1990,0.0,0.9575757575757576,0.0,0.0545454545454545,0.0,0.593939393939394,12,False,0
Gianmaria Bruni,Italy,[2004],0.0,18.0,18.0,0.0,0.0,0.0,0.0,0.0,False,,2000,0.0,1.0,0.0,0.0,0.0,0.0,1,False,1
Jimmy Bryan,United States,"[1952, 1953, 1954, 1955, 1956, 1957, 1958, 1959, 1960]",0.0,10.0,9.0,0.0,1.0,3.0,0.0,18.0,False,,1960,0.0,0.9,0.1,0.3,0.0,1.8,9,False,1
Clemar Bucci,Argentina,"[1954, 1955]",0.0,5.0,5.0,0.0,0.0,0.0,0.0,0.0,False,,1950,0.0,1.0,0.0,0.0,0.0,0.0,2,False,1
Ronnie Bucknum,United States,"[1964, 1965, 1966]",0.0,11.0,11.0,0.0,0.0,0.0,0.0,2.0,False,,1960,0.0,1.0,0.0,0.0,0.0,0.1818181818181818,3,False,1
Ivor Bueb,United Kingdom,"[1957, 1958, 1959]",0.0,6.0,5.0,0.0,0.0,0.0,0.0,0.0,False,,1960,0.0,0.8333333333333334,0.0,0.0,0.0,0.0,3,False,1
Sébastien Buemi,Switzerland,"[2009, 2010, 2011]",0.0,55.0,55.0,0.0,0.0,0.0,0.0,29.0,False,,2010,0.0,1.0,0.0,0.0,0.0,0.5272727272727272,3,False,1
Luiz Bueno,Brazil,[1973],0.0,1.0,1.0,0.0,0.0,0.0,0.0,0.0,False,,1970,0.0,1.0,0.0,0.0,0.0,0.0,1,False,1
Ian Burgess,United Kingdom,"[1958, 1959, 1960, 1961, 1962, 1963]",0.0,20.0,16.0,0.0,0.0,0.0,0.0,0.0,False,,1960,0.0,0.8,0.0,0.0,0.0,0.0,6,False,1
Luciano Burti,Brazil,"[2000, 2001]",0.0,15.0,14.0,0.0,0.0,0.0,0.0,0.0,False,,2000,0.0,0.9333333333333332,0.0,0.0,0.0,0.0,2,False,1
Roberto Bussinello,Italy,"[1961, 1965]",0.0,3.0,2.0,0.0,0.0,0.0,0.0,0.0,False,,1960,0.0,0.6666666666666666,0.0,0.0,0.0,0.0,2,False,1
Jenson Button,United Kingdom,"[2000, 2001, 2002, 2003, 2004, 2005, 2006, 2007, 2008, 2009, 2010, 2011, 2012, 2013, 2014, 2015, 2016, 2017]",1.0,309.0,306.0,8.0,15.0,50.0,8.0,1235.0,False,[2009],2010,0.0258899676375404,0.9902912621359224,0.0485436893203883,0.1618122977346278,0.0258899676375404,3.996763754045308,18,True,0
Tommy Byrne,Ireland,[1982],0.0,5.0,2.0,0.0,0.0,0.0,0.0,0.0,False,,1980,0.0,0.4,0.0,0.0,0.0,0.0,1,False,1
Giulio Cabianca,Italy,"[1958, 1959, 1960]",0.0,4.0,3.0,0.0,0.0,0.0,0.0,3.0,False,,1960,0.0,0.75,0.0,0.0,0.0,0.75,3,False,1
Phil Cade,United States,[1959],0.0,1.0,0.0,0.0,0.0,0.0,0.0,0.0,False,,1960,0.0,0.0,0.0,0.0,0.0,0.0,1,False,1
Alex Caffi,Italy,"[1986, 1987, 1988, 1989, 1990, 1991]",0.0,75.0,56.0,0.0,0.0,0.0,0.0,6.0,False,,1990,0.0,0.7466666666666667,0.0,0.0,0.0,0.08,6,False,1
John Campbell-Jones,United Kingdom,"[1962, 1963]",0.0,2.0,2.0,0.0,0.0,0.0,0.0,0.0,False,,1960,0.0,1.0,0.0,0.0,0.0,0.0,2,False,1
Adrián Campos,Spain,"[1987, 1988]",0.0,21.0,17.0,0.0,0.0,0.0,0.0,0.0,False,,1990,0.0,0.8095238095238095,0.0,0.0,0.0,0.0,2,False,1
John Cannon,Canada,[1971],0.0,1.0,1.0,0.0,0.0,0.0,0.0,0.0,False,,1970,0.0,1.0,0.0,0.0,0.0,0.0,1,False,1
Eitel Cantoni,Uruguay,[1952],0.0,3.0,3.0,0.0,0.0,0.0,0.0,0.0,False,,1950,0.0,1.0,0.0,0.0,0.0,0.0,1,False,1
Bill Cantrell,United States,[1950],0.0,2.0,1.0,0.0,0.0,0.0,0.0,0.0,False,,1950,0.0,0.5,0.0,0.0,0.0,0.0,1,False,1
Ivan Capelli,Italy,"[1985, 1986, 1987, 1988, 1989, 1990, 1991, 1992, 1993]",0.0,98.0,93.0,0.0,0.0,3.0,0.0,31.0,False,,1990,0.0,0.9489795918367347,0.0,0.0306122448979591,0.0,0.3163265306122449,9,False,1
Piero Carini,Italy,"[1952, 1953]",0.0,3.0,3.0,0.0,0.0,0.0,0.0,0.0,False,,1950,0.0,1.0,0.0,0.0,0.0,0.0,2,False,1
Duane Carter,United States,"[1950, 1951, 1952, 1953, 1954, 1955, 1959, 1960]",0.0,8.0,8.0,0.0,0.0,1.0,0.0,6.5,False,,1950,0.0,1.0,0.0,0.125,0.0,0.8125,8,False,1
Eugenio Castellotti,Italy,"[1955, 1956, 1957]",0.0,14.0,14.0,1.0,0.0,3.0,0.0,19.5,False,,1960,0.0714285714285714,1.0,0.0,0.2142857142857142,0.0,1.3928571428571428,3,False,1
Johnny Cecotto,Venezuela,"[1983, 1984]",0.0,23.0,18.0,0.0,0.0,0.0,0.0,1.0,False,,1980,0.0,0.782608695652174,0.0,0.0,0.0,0.0434782608695652,2,False,1
Andrea de Cesaris,Italy,"[1980, 1981, 1982, 1983, 1984, 1985, 1986, 1987, 1988, 1989, 1990, 1991, 1992, 1993, 1994]",0.0,214.0,208.0,1.0,0.0,5.0,1.0,59.0,False,,1990,0.0046728971962616,0.97196261682243,0.0,0.0233644859813084,0.0046728971962616,0.2757009345794392,15,False,0
François Cevert,France,"[1970, 1971, 1972, 1973]",0.0,47.0,46.0,0.0,1.0,13.0,2.0,89.0,False,,1970,0.0,0.9787234042553192,0.0212765957446808,0.2765957446808511,0.0425531914893617,1.893617021276596,4,False,1
Eugène Chaboud,France,"[1950, 1951]",0.0,3.0,3.0,0.0,0.0,0.0,0.0,1.0,False,,1950,0.0,1.0,0.0,0.0,0.0,0.3333333333333333,2,False,1
Jay Chamberlain,United States,[1962],0.0,3.0,1.0,0.0,0.0,0.0,0.0,0.0,False,,1960,0.0,0.3333333333333333,0.0,0.0,0.0,0.0,1,False,1
Karun Chandhok,India,"[2010, 2011]",0.0,11.0,11.0,0.0,0.0,0.0,0.0,0.0,False,,2010,0.0,1.0,0.0,0.0,0.0,0.0,2,False,1
Alain de Changy,Belgium,[1959],0.0,1.0,0.0,0.0,0.0,0.0,0.0,0.0,False,,1960,0.0,0.0,0.0,0.0,0.0,0.0,1,False,1
Colin Chapman,United Kingdom,[1956],0.0,1.0,0.0,0.0,0.0,0.0,0.0,0.0,False,,1960,0.0,0.0,0.0,0.0,0.0,0.0,1,False,1
Dave Charlton,South Africa,"[1965, 1967, 1968, 1970, 1971, 1972, 1973, 1974, 1975]",0.0,14.0,11.0,0.0,0.0,0.0,0.0,0.0,False,,1970,0.0,0.7857142857142857,0.0,0.0,0.0,0.0,9,False,1
Pedro Chaves,Portugal,[1991],0.0,13.0,0.0,0.0,0.0,0.0,0.0,0.0,False,,1990,0.0,0.0,0.0,0.0,0.0,0.0,1,False,1
Bill Cheesbourg,United States,"[1957, 1958, 1959]",0.0,4.0,3.0,0.0,0.0,0.0,0.0,0.0,False,,1960,0.0,0.75,0.0,0.0,0.0,0.0,3,False,1
Eddie Cheever,United States,"[1978, 1980, 1981, 1982, 1983, 1984, 1985, 1986, 1987, 1988, 1989]",0.0,143.0,132.0,0.0,0.0,9.0,0.0,70.0,False,,1980,0.0,0.9230769230769232,0.0,0.0629370629370629,0.0,0.4895104895104895,11,False,0
Andrea Chiesa,Switzerland,[1992],0.0,10.0,3.0,0.0,0.0,0.0,0.0,0.0,False,,1990,0.0,0.3,0.0,0.0,0.0,0.0,1,False,1
Max Chilton,United Kingdom,"[2013, 2014]",0.0,35.0,35.0,0.0,0.0,0.0,0.0,0.0,False,,2010,0.0,1.0,0.0,0.0,0.0,0.0,2,False,1
Ettore Chimeri,Venezuela,[1960],0.0,1.0,1.0,0.0,0.0,0.0,0.0,0.0,False,,1960,0.0,1.0,0.0,0.0,0.0,0.0,1,False,1
Louis Chiron,Monaco,"[1950, 1951, 1953, 1955, 1956, 1958]",0.0,19.0,15.0,0.0,0.0,1.0,0.0,4.0,False,,1950,0.0,0.7894736842105263,0.0,0.0526315789473684,0.0,0.2105263157894736,6,False,1
Joie Chitwood,United States,[1950],0.0,1.0,1.0,0.0,0.0,0.0,0.0,1.0,False,,1950,0.0,1.0,0.0,0.0,0.0,1.0,1,False,1
Bob Christie,United States,"[1956, 1957, 1958, 1959, 1960]",0.0,7.0,5.0,0.0,0.0,0.0,0.0,0.0,False,,1960,0.0,0.7142857142857143,0.0,0.0,0.0,0.0,5,False,1
Johnny Claes,Belgium,"[1950, 1951, 1952, 1953, 1955]",0.0,25.0,23.0,0.0,0.0,0.0,0.0,0.0,False,,1950,0.0,0.92,0.0,0.0,0.0,0.0,5,False,1
David Clapham,South Africa,[1965],0.0,1.0,0.0,0.0,0.0,0.0,0.0,0.0,False,,1960,0.0,0.0,0.0,0.0,0.0,0.0,1,False,1
Jim Clark,United Kingdom,"[1960, 1961, 1962, 1963, 1964, 1965, 1966, 1967, 1968]",2.0,73.0,72.0,33.0,25.0,32.0,28.0,255.0,False,"[1963, 1965]",1960,0.4520547945205479,0.9863013698630136,0.3424657534246575,0.4383561643835616,0.3835616438356164,3.493150684931507,9,True,2
Kevin Cogan,United States,"[1980, 1981]",0.0,2.0,0.0,0.0,0.0,0.0,0.0,0.0,False,,1980,0.0,0.0,0.0,0.0,0.0,0.0,2,False,1
Peter Collins,United Kingdom,"[1952, 1953, 1954, 1955, 1956, 1957, 1958]",0.0,35.0,32.0,0.0,3.0,9.0,0.0,47.0,False,,1960,0.0,0.9142857142857144,0.0857142857142857,0.2571428571428571,0.0,1.3428571428571427,7,False,1
Bernard Collomb,France,"[1961, 1962, 1963, 1964]",0.0,6.0,4.0,0.0,0.0,0.0,0.0,0.0,False,,1960,0.0,0.6666666666666666,0.0,0.0,0.0,0.0,4,False,1
Alberto Colombo,Italy,[1978],0.0,3.0,0.0,0.0,0.0,0.0,0.0,0.0,False,,1980,0.0,0.0,0.0,0.0,0.0,0.0,1,False,1
Érik Comas,France,"[1991, 1992, 1993, 1994]",0.0,63.0,59.0,0.0,0.0,0.0,0.0,7.0,False,,1990,0.0,0.9365079365079364,0.0,0.0,0.0,0.1111111111111111,4,False,1
Franco Comotti,Italy,"[1950, 1952]",0.0,2.0,2.0,0.0,0.0,0.0,0.0,0.0,False,,1950,0.0,1.0,0.0,0.0,0.0,0.0,2,False,1
George Connor,United States,"[1950, 1951, 1952]",0.0,4.0,3.0,0.0,0.0,0.0,0.0,0.0,False,,1950,0.0,0.75,0.0,0.0,0.0,0.0,3,False,1
George Constantine,United States,[1959],0.0,1.0,1.0,0.0,0.0,0.0,0.0,0.0,False,,1960,0.0,1.0,0.0,0.0,0.0,0.0,1,False,1
John Cordts,Canada,[1969],0.0,1.0,1.0,0.0,0.0,0.0,0.0,0.0,False,,1970,0.0,1.0,0.0,0.0,0.0,0.0,1,False,1
David Coulthard,United Kingdom,"[1994, 1995, 1996, 1997, 1998, 1999, 2000, 2001, 2002, 2003, 2004, 2005, 2006, 2007, 2008]",0.0,247.0,246.0,12.0,13.0,62.0,18.0,535.0,False,,2000,0.048582995951417,0.9959514170040484,0.0526315789473684,0.2510121457489878,0.0728744939271255,2.165991902834008,15,False,0
Piers Courage,United Kingdom,"[1967, 1968, 1969, 1970]",0.0,29.0,27.0,0.0,0.0,2.0,0.0,20.0,False,,1970,0.0,0.9310344827586208,0.0,0.0689655172413793,0.0,0.6896551724137931,4,False,1
Chris Craft,United Kingdom,[1971],0.0,2.0,1.0,0.0,0.0,0.0,0.0,0.0,False,,1970,0.0,0.5,0.0,0.0,0.0,0.0,1,False,1
Jim Crawford,United Kingdom,[1975],0.0,2.0,2.0,0.0,0.0,0.0,0.0,0.0,False,,1980,0.0,1.0,0.0,0.0,0.0,0.0,1,False,1
Ray Crawford,United States,"[1955, 1956, 1959]",0.0,5.0,3.0,0.0,0.0,0.0,0.0,0.0,False,,1960,0.0,0.6,0.0,0.0,0.0,0.0,3,False,1
Alberto Crespo,Argentina,[1952],0.0,1.0,0.0,0.0,0.0,0.0,0.0,0.0,False,,1950,0.0,0.0,0.0,0.0,0.0,0.0,1,False,1
Antonio Creus,Spain,[1960],0.0,1.0,1.0,0.0,0.0,0.0,0.0,0.0,False,,1960,0.0,1.0,0.0,0.0,0.0,0.0,1,False,1
Larry Crockett,United States,[1954],0.0,1.0,1.0,0.0,0.0,0.0,0.0,0.0,False,,1950,0.0,1.0,0.0,0.0,0.0,0.0,1,False,1
Tony Crook,United Kingdom,"[1952, 1953]",0.0,2.0,2.0,0.0,0.0,0.0,0.0,0.0,False,,1950,0.0,1.0,0.0,0.0,0.0,0.0,2,False,1
Art Cross,United States,"[1952, 1953, 1954, 1955]",0.0,4.0,4.0,0.0,0.0,1.0,0.0,8.0,False,,1950,0.0,1.0,0.0,0.25,0.0,2.0,4,False,1
Geoffrey Crossley,United Kingdom,[1950],0.0,2.0,2.0,0.0,0.0,0.0,0.0,0.0,False,,1950,0.0,1.0,0.0,0.0,0.0,0.0,1,False,1
Jérôme d'Ambrosio,Belgium,"[2011, 2012]",0.0,20.0,20.0,0.0,0.0,0.0,0.0,0.0,False,,2010,0.0,1.0,0.0,0.0,0.0,0.0,2,False,1
Chuck Daigh,United States,[1960],0.0,6.0,3.0,0.0,0.0,0.0,0.0,0.0,False,,1960,0.0,0.5,0.0,0.0,0.0,0.0,1,False,1
Yannick Dalmas,France,"[1987, 1988, 1989, 1990, 1994]",0.0,49.0,24.0,0.0,0.0,0.0,0.0,0.0,False,,1990,0.0,0.4897959183673469,0.0,0.0,0.0,0.0,5,False,1
Derek Daly,Ireland,"[1978, 1979, 1980, 1981, 1982]",0.0,64.0,49.0,0.0,0.0,0.0,0.0,15.0,False,,1980,0.0,0.765625,0.0,0.0,0.0,0.234375,5,False,1
Christian Danner,West Germany,"[1985, 1986, 1987, 1989]",0.0,47.0,36.0,0.0,0.0,0.0,0.0,4.0,False,,1990,0.0,0.7659574468085106,0.0,0.0,0.0,0.0851063829787234,4,False,1
Jorge Daponte,Argentina,[1954],0.0,2.0,2.0,0.0,0.0,0.0,0.0,0.0,False,,1950,0.0,1.0,0.0,0.0,0.0,0.0,1,False,1
Anthony Davidson,United Kingdom,"[2002, 2005, 2007, 2008]",0.0,24.0,24.0,0.0,0.0,0.0,0.0,0.0,False,,2010,0.0,1.0,0.0,0.0,0.0,0.0,4,False,1
Jimmy Davies,United States,"[1950, 1951, 1953, 1954, 1955]",0.0,8.0,5.0,0.0,0.0,1.0,0.0,4.0,False,,1950,0.0,0.625,0.0,0.125,0.0,0.5,5,False,1
Colin Davis,United Kingdom,[1959],0.0,2.0,2.0,0.0,0.0,0.0,0.0,0.0,False,,1960,0.0,1.0,0.0,0.0,0.0,0.0,1,False,1
Jimmy Daywalt,United States,"[1953, 1954, 1955, 1956, 1957, 1959]",0.0,10.0,6.0,0.0,0.0,0.0,0.0,0.0,False,,1960,0.0,0.6,0.0,0.0,0.0,0.0,6,False,1
Jean-Denis Délétraz,Switzerland,"[1994, 1995]",0.0,3.0,3.0,0.0,0.0,0.0,0.0,0.0,False,,1990,0.0,1.0,0.0,0.0,0.0,0.0,2,False,1
Patrick Depailler,France,"[1972, 1974, 1975, 1976, 1977, 1978, 1979, 1980]",0.0,95.0,95.0,1.0,2.0,19.0,4.0,139.0,False,,1980,0.0105263157894736,1.0,0.0210526315789473,0.2,0.0421052631578947,1.4631578947368422,8,False,0
Pedro Diniz,Brazil,"[1995, 1996, 1997, 1998, 1999, 2000]",0.0,99.0,98.0,0.0,0.0,0.0,0.0,10.0,False,,2000,0.0,0.98989898989899,0.0,0.0,0.0,0.101010101010101,6,False,1
Duke Dinsmore,United States,"[1950, 1951, 1953, 1956]",0.0,6.0,4.0,0.0,0.0,0.0,0.0,0.0,False,,1950,0.0,0.6666666666666666,0.0,0.0,0.0,0.0,4,False,1
Frank Dochnal,United States,[1963],0.0,1.0,0.0,0.0,0.0,0.0,0.0,0.0,False,,1960,0.0,0.0,0.0,0.0,0.0,0.0,1,False,1
José Dolhem,France,[1974],0.0,3.0,1.0,0.0,0.0,0.0,0.0,0.0,False,,1970,0.0,0.3333333333333333,0.0,0.0,0.0,0.0,1,False,1
Martin Donnelly,United Kingdom,"[1989, 1990]",0.0,15.0,13.0,0.0,0.0,0.0,0.0,0.0,False,,1990,0.0,0.8666666666666667,0.0,0.0,0.0,0.0,2,False,1
Mark Donohue,United States,"[1971, 1974, 1975]",0.0,16.0,14.0,0.0,0.0,1.0,0.0,8.0,False,,1970,0.0,0.875,0.0,0.0625,0.0,0.5,3,False,1
Robert Doornbos,Monaco Netherlands,"[2005, 2006]",0.0,11.0,11.0,0.0,0.0,0.0,0.0,0.0,False,,2010,0.0,1.0,0.0,0.0,0.0,0.0,2,False,1
Ken Downing,United Kingdom,[1952],0.0,2.0,2.0,0.0,0.0,0.0,0.0,0.0,False,,1950,0.0,1.0,0.0,0.0,0.0,0.0,1,False,1
Bob Drake,United States,[1960],0.0,1.0,1.0,0.0,0.0,0.0,0.0,0.0,False,,1960,0.0,1.0,0.0,0.0,0.0,0.0,1,False,1
Paddy Driver,South Africa,"[1963, 1974]",0.0,2.0,1.0,0.0,0.0,0.0,0.0,0.0,False,,1970,0.0,0.5,0.0,0.0,0.0,0.0,2,False,1
Piero Drogo,Italy,[1960],0.0,1.0,1.0,0.0,0.0,0.0,0.0,0.0,False,,1960,0.0,1.0,0.0,0.0,0.0,0.0,1,False,1
Bernard de Dryver,Belgium,"[1977, 1978]",0.0,2.0,0.0,0.0,0.0,0.0,0.0,0.0,False,,1980,0.0,0.0,0.0,0.0,0.0,0.0,2,False,1
Johnny Dumfries,United Kingdom,[1986],0.0,16.0,15.0,0.0,0.0,0.0,0.0,3.0,False,,1990,0.0,0.9375,0.0,0.0,0.0,0.1875,1,False,1
Geoff Duke,United Kingdom,[1961],0.0,1.0,0.0,0.0,0.0,0.0,0.0,0.0,False,,1960,0.0,0.0,0.0,0.0,0.0,0.0,1,False,1
Len Duncan,United States,[1954],0.0,4.0,1.0,0.0,0.0,0.0,0.0,0.0,False,,1950,0.0,0.25,0.0,0.0,0.0,0.0,1,False,1
Piero Dusio,Italy,[1952],0.0,1.0,0.0,0.0,0.0,0.0,0.0,0.0,False,,1950,0.0,0.0,0.0,0.0,0.0,0.0,1,False,1
George Eaton,Canada,"[1969, 1970, 1971]",0.0,13.0,11.0,0.0,0.0,0.0,0.0,0.0,False,,1970,0.0,0.8461538461538461,0.0,0.0,0.0,0.0,3,False,1
Bernie Ecclestone,United Kingdom,[1958],0.0,2.0,0.0,0.0,0.0,0.0,0.0,0.0,False,,1960,0.0,0.0,0.0,0.0,0.0,0.0,1,False,1
Don Edmunds,United States,[1957],0.0,2.0,1.0,0.0,0.0,0.0,0.0,0.0,False,,1960,0.0,0.5,0.0,0.0,0.0,0.0,1,False,1
Guy Edwards,United Kingdom,"[1974, 1976, 1977]",0.0,17.0,11.0,0.0,0.0,0.0,0.0,0.0,False,,1980,0.0,0.6470588235294118,0.0,0.0,0.0,0.0,3,False,1
Vic Elford,United Kingdom,"[1968, 1969, 1971]",0.0,13.0,13.0,0.0,0.0,0.0,0.0,8.0,False,,1970,0.0,1.0,0.0,0.0,0.0,0.6153846153846154,3,False,1
Ed Elisian,United States,"[1954, 1955, 1956, 1957, 1958]",0.0,5.0,5.0,0.0,0.0,0.0,0.0,0.0,False,,1960,0.0,1.0,0.0,0.0,0.0,0.0,5,False,1
Paul Emery,United Kingdom,"[1956, 1958]",0.0,2.0,1.0,0.0,0.0,0.0,0.0,0.0,False,,1960,0.0,0.5,0.0,0.0,0.0,0.0,2,False,1
Tomáš Enge,Czech Republic,[2001],0.0,3.0,3.0,0.0,0.0,0.0,0.0,0.0,False,,2000,0.0,1.0,0.0,0.0,0.0,0.0,1,False,1
Paul England,Australia,[1957],0.0,1.0,1.0,0.0,0.0,0.0,0.0,0.0,False,,1960,0.0,1.0,0.0,0.0,0.0,0.0,1,False,1
Marcus Ericsson,Sweden,"[2014, 2015, 2016, 2017, 2018]",0.0,97.0,97.0,0.0,0.0,0.0,0.0,18.0,False,,2020,0.0,1.0,0.0,0.0,0.0,0.1855670103092783,5,False,1
Harald Ertl,Austria,"[1975, 1976, 1977, 1978, 1980]",0.0,28.0,19.0,0.0,0.0,0.0,0.0,0.0,False,,1980,0.0,0.6785714285714286,0.0,0.0,0.0,0.0,5,False,1
Nasif Estéfano,Argentina,"[1960, 1962]",0.0,2.0,1.0,0.0,0.0,0.0,0.0,0.0,False,,1960,0.0,0.5,0.0,0.0,0.0,0.0,2,False,1
Philippe Étancelin,France,"[1950, 1951, 1952]",0.0,12.0,12.0,0.0,0.0,0.0,0.0,3.0,False,,1950,0.0,1.0,0.0,0.0,0.0,0.25,3,False,1
Bob Evans,United Kingdom,"[1975, 1976]",0.0,12.0,10.0,0.0,0.0,0.0,0.0,0.0,False,,1980,0.0,0.8333333333333334,0.0,0.0,0.0,0.0,2,False,1
Corrado Fabi,Italy,"[1983, 1984]",0.0,18.0,12.0,0.0,0.0,0.0,0.0,0.0,False,,1980,0.0,0.6666666666666666,0.0,0.0,0.0,0.0,2,False,1
Teo Fabi,Italy,"[1982, 1984, 1985, 1986, 1987]",0.0,71.0,64.0,3.0,0.0,2.0,2.0,23.0,False,,1980,0.0422535211267605,0.9014084507042254,0.0,0.028169014084507,0.028169014084507,0.323943661971831,5,False,1
Pascal Fabre,France,[1987],0.0,14.0,11.0,0.0,0.0,0.0,0.0,0.0,False,,1990,0.0,0.7857142857142857,0.0,0.0,0.0,0.0,1,False,1
Carlo Facetti,Italy,[1974],0.0,1.0,0.0,0.0,0.0,0.0,0.0,0.0,False,,1970,0.0,0.0,0.0,0.0,0.0,0.0,1,False,1
Luigi Fagioli,Italy,"[1950, 1951]",0.0,7.0,7.0,0.0,1.0,6.0,0.0,28.0,False,,1950,0.0,1.0,0.1428571428571428,0.8571428571428571,0.0,4.0,2,False,0
Jack Fairman,United Kingdom,"[1953, 1955, 1956, 1957, 1958, 1959, 1960, 1961]",0.0,13.0,12.0,0.0,0.0,0.0,0.0,5.0,False,,1960,0.0,0.9230769230769232,0.0,0.0,0.0,0.3846153846153846,8,False,1
Juan Manuel Fangio,Argentina,"[1950, 1951, 1953, 1954, 1955, 1956, 1957, 1958]",5.0,52.0,51.0,29.0,24.0,35.0,23.0,245.0,False,"[1951, 1954, 1955, 1956, 1957]",1950,0.5576923076923077,0.9807692307692308,0.4615384615384615,0.6730769230769231,0.4423076923076923,4.711538461538462,8,True,2
Nino Farina,Italy,"[1950, 1951, 1952, 1953, 1954, 1955]",1.0,34.0,33.0,5.0,5.0,20.0,5.0,115.33,False,[1950],1950,0.1470588235294117,0.9705882352941176,0.1470588235294117,0.5882352941176471,0.1470588235294117,3.392058823529412,6,True,0
Walt Faulkner,United States,"[1950, 1951, 1953, 1954, 1955]",0.0,6.0,5.0,1.0,0.0,0.0,0.0,1.0,False,,1950,0.1666666666666666,0.8333333333333334,0.0,0.0,0.0,0.1666666666666666,5,False,1
William Ferguson,South Africa,[1972],0.0,1.0,0.0,0.0,0.0,0.0,0.0,0.0,False,,1970,0.0,0.0,0.0,0.0,0.0,0.0,1,False,1
Maria Teresa de Filippis,Italy,"[1958, 1959]",0.0,5.0,3.0,0.0,0.0,0.0,0.0,0.0,False,,1960,0.0,0.6,0.0,0.0,0.0,0.0,2,False,1
Ralph Firman,Ireland,[2003],0.0,15.0,14.0,0.0,0.0,0.0,0.0,1.0,False,,2000,0.0,0.9333333333333332,0.0,0.0,0.0,0.0666666666666666,1,False,1
Ludwig Fischer,West Germany,[1952],0.0,1.0,0.0,0.0,0.0,0.0,0.0,0.0,False,,1950,0.0,0.0,0.0,0.0,0.0,0.0,1,False,1
Rudi Fischer,Switzerland,"[1951, 1952]",0.0,8.0,7.0,0.0,0.0,2.0,0.0,10.0,False,,1950,0.0,0.875,0.0,0.25,0.0,1.25,2,False,1
Mike Fisher,United States,[1967],0.0,2.0,1.0,0.0,0.0,0.0,0.0,0.0,False,,1970,0.0,0.5,0.0,0.0,0.0,0.0,1,False,1
Giancarlo Fisichella,Italy,"[1996, 1997, 1998, 1999, 2000, 2001, 2002, 2003, 2004, 2005, 2006, 2007, 2008, 2009]",0.0,231.0,229.0,4.0,3.0,19.0,2.0,275.0,False,,2000,0.0173160173160173,0.9913419913419912,0.0129870129870129,0.0822510822510822,0.0086580086580086,1.1904761904761905,14,False,0
John Fitch,United States,"[1953, 1955]",0.0,2.0,2.0,0.0,0.0,0.0,0.0,0.0,False,,1950,0.0,1.0,0.0,0.0,0.0,0.0,2,False,1
Christian Fittipaldi,Brazil,"[1992, 1993, 1994]",0.0,43.0,40.0,0.0,0.0,0.0,0.0,12.0,False,,1990,0.0,0.9302325581395348,0.0,0.0,0.0,0.2790697674418604,3,False,1
Emerson Fittipaldi,Brazil,"[1970, 1971, 1972, 1973, 1974, 1975, 1976, 1977, 1978, 1979, 1980]",2.0,149.0,144.0,6.0,14.0,35.0,6.0,281.0,False,"[1972, 1974]",1980,0.0402684563758389,0.9664429530201344,0.0939597315436241,0.2348993288590604,0.0402684563758389,1.8859060402684564,11,True,0
Pietro Fittipaldi,Brazil,[2020],0.0,2.0,2.0,0.0,0.0,0.0,0.0,0.0,False,,2020,0.0,1.0,0.0,0.0,0.0,0.0,1,False,1
Wilson Fittipaldi,Brazil,"[1972, 1973, 1975]",0.0,38.0,35.0,0.0,0.0,0.0,0.0,3.0,False,,1970,0.0,0.9210526315789472,0.0,0.0,0.0,0.0789473684210526,3,False,1
Theo Fitzau,East Germany,[1953],0.0,1.0,1.0,0.0,0.0,0.0,0.0,0.0,False,,1950,0.0,1.0,0.0,0.0,0.0,0.0,1,False,1
Pat Flaherty,United States,"[1950, 1953, 1954, 1955, 1956, 1959]",0.0,6.0,6.0,1.0,1.0,1.0,0.0,8.0,False,,1950,0.1666666666666666,1.0,0.1666666666666666,0.1666666666666666,0.0,1.3333333333333333,6,False,1
Jan Flinterman,Netherlands,[1952],0.0,1.0,1.0,0.0,0.0,0.0,0.0,0.0,False,,1950,0.0,1.0,0.0,0.0,0.0,0.0,1,False,1
Ron Flockhart,United Kingdom,"[1954, 1956, 1957, 1958, 1959, 1960]",0.0,14.0,14.0,0.0,0.0,1.0,0.0,5.0,False,,1960,0.0,1.0,0.0,0.0714285714285714,0.0,0.3571428571428571,6,False,1
Myron Fohr,United States,[1950],0.0,1.0,1.0,0.0,0.0,0.0,0.0,0.0,False,,1950,0.0,1.0,0.0,0.0,0.0,0.0,1,False,1
Gregor Foitek,Switzerland,"[1989, 1990]",0.0,22.0,7.0,0.0,0.0,0.0,0.0,0.0,False,,1990,0.0,0.3181818181818182,0.0,0.0,0.0,0.0,2,False,1
George Follmer,United States,[1973],0.0,13.0,12.0,0.0,0.0,1.0,0.0,5.0,False,,1970,0.0,0.9230769230769232,0.0,0.0769230769230769,0.0,0.3846153846153846,1,False,1
George Fonder,United States,"[1952, 1954]",0.0,5.0,2.0,0.0,0.0,0.0,0.0,0.0,False,,1950,0.0,0.4,0.0,0.0,0.0,0.0,2,False,1
Norberto Fontana,Argentina,[1997],0.0,4.0,4.0,0.0,0.0,0.0,0.0,0.0,False,,2000,0.0,1.0,0.0,0.0,0.0,0.0,1,False,1
Asdrúbal Fontes Bayardo,Uruguay,[1959],0.0,1.0,0.0,0.0,0.0,0.0,0.0,0.0,False,,1960,0.0,0.0,0.0,0.0,0.0,0.0,1,False,1
Carl Forberg,United States,[1951],0.0,3.0,1.0,0.0,0.0,0.0,0.0,0.0,False,,1950,0.0,0.3333333333333333,0.0,0.0,0.0,0.0,1,False,1
Gene Force,United States,"[1951, 1960]",0.0,5.0,2.0,0.0,0.0,0.0,0.0,0.0,False,,1960,0.0,0.4,0.0,0.0,0.0,0.0,2,False,1
Franco Forini,Switzerland,[1987],0.0,3.0,2.0,0.0,0.0,0.0,0.0,0.0,False,,1990,0.0,0.6666666666666666,0.0,0.0,0.0,0.0,1,False,1
Philip Fotheringham-Parker,United Kingdom,[1951],0.0,1.0,1.0,0.0,0.0,0.0,0.0,0.0,False,,1950,0.0,1.0,0.0,0.0,0.0,0.0,1,False,1
A. J. Foyt,United States,"[1958, 1959, 1960]",0.0,3.0,3.0,0.0,0.0,0.0,0.0,0.0,False,,1960,0.0,1.0,0.0,0.0,0.0,0.0,3,False,1
Giorgio Francia,Italy,"[1977, 1981]",0.0,2.0,0.0,0.0,0.0,0.0,0.0,0.0,False,,1980,0.0,0.0,0.0,0.0,0.0,0.0,2,False,1
Don Freeland,United States,"[1953, 1954, 1955, 1956, 1957, 1958, 1959, 1960]",0.0,8.0,8.0,0.0,0.0,1.0,0.0,4.0,False,,1960,0.0,1.0,0.0,0.125,0.0,0.5,8,False,1
Heinz-Harald Frentzen,Germany,"[1994, 1995, 1996, 1997, 1998, 1999, 2000, 2001, 2002, 2003]",0.0,160.0,156.0,2.0,3.0,18.0,6.0,174.0,False,,2000,0.0125,0.975,0.01875,0.1125,0.0375,1.0875,10,False,0
Paul Frère,Belgium,"[1952, 1953, 1954, 1955, 1956]",0.0,11.0,11.0,0.0,0.0,1.0,0.0,11.0,False,,1950,0.0,1.0,0.0,0.0909090909090909,0.0,1.0,5,False,1
Patrick Friesacher,Austria,[2005],0.0,11.0,11.0,0.0,0.0,0.0,0.0,3.0,False,,2000,0.0,1.0,0.0,0.0,0.0,0.2727272727272727,1,False,1
Joe Fry,United Kingdom,[1950],0.0,1.0,1.0,0.0,0.0,0.0,0.0,0.0,False,,1950,0.0,1.0,0.0,0.0,0.0,0.0,1,False,1
Hiroshi Fushida,Japan,[1975],0.0,2.0,0.0,0.0,0.0,0.0,0.0,0.0,False,,1980,0.0,0.0,0.0,0.0,0.0,0.0,1,False,1
Beppe Gabbiani,Italy,"[1978, 1981]",0.0,17.0,3.0,0.0,0.0,0.0,0.0,0.0,False,,1980,0.0,0.1764705882352941,0.0,0.0,0.0,0.0,2,False,1
Bertrand Gachot,Belgium France,"[1989, 1990, 1991, 1992, 1994, 1995]",0.0,84.0,47.0,0.0,0.0,0.0,1.0,5.0,False,,1990,0.0,0.5595238095238095,0.0,0.0,0.0119047619047619,0.0595238095238095,6,False,1
Patrick Gaillard,France,[1979],0.0,5.0,2.0,0.0,0.0,0.0,0.0,0.0,False,,1980,0.0,0.4,0.0,0.0,0.0,0.0,1,False,1
Divina Galica,United Kingdom,"[1976, 1978]",0.0,3.0,0.0,0.0,0.0,0.0,0.0,0.0,False,,1980,0.0,0.0,0.0,0.0,0.0,0.0,2,False,1
Nanni Galli,Italy,"[1970, 1971, 1972, 1973]",0.0,20.0,17.0,0.0,0.0,0.0,0.0,0.0,False,,1970,0.0,0.85,0.0,0.0,0.0,0.0,4,False,1
Oscar Alfredo Gálvez,Argentina,[1953],0.0,1.0,1.0,0.0,0.0,0.0,0.0,2.0,False,,1950,0.0,1.0,0.0,0.0,0.0,2.0,1,False,1
Fred Gamble,United States,[1960],0.0,1.0,1.0,0.0,0.0,0.0,0.0,0.0,False,,1960,0.0,1.0,0.0,0.0,0.0,0.0,1,False,1
Howden Ganley,New Zealand,"[1971, 1972, 1973, 1974]",0.0,41.0,35.0,0.0,0.0,0.0,0.0,10.0,False,,1970,0.0,0.8536585365853658,0.0,0.0,0.0,0.2439024390243902,4,False,1
Giedo van der Garde,Netherlands,[2013],0.0,19.0,19.0,0.0,0.0,0.0,0.0,0.0,False,,2010,0.0,1.0,0.0,0.0,0.0,0.0,1,False,1
Frank Gardner,Australia,"[1964, 1965, 1968]",0.0,9.0,8.0,0.0,0.0,0.0,0.0,0.0,False,,1970,0.0,0.8888888888888888,0.0,0.0,0.0,0.0,3,False,1
Billy Garrett,United States,"[1956, 1958]",0.0,3.0,2.0,0.0,0.0,0.0,0.0,0.0,False,,1960,0.0,0.6666666666666666,0.0,0.0,0.0,0.0,2,False,1
Jo Gartner,Austria,[1984],0.0,8.0,8.0,0.0,0.0,0.0,0.0,0.0,False,,1980,0.0,1.0,0.0,0.0,0.0,0.0,1,False,1
Pierre Gasly,France,"[2017, 2018, 2019, 2020, 2021, 2022]",0.0,109.0,109.0,0.0,1.0,3.0,3.0,334.0,True,,2020,0.0,1.0,0.0091743119266055,0.0275229357798165,0.0275229357798165,3.0642201834862384,6,False,0
Tony Gaze,Australia,[1952],0.0,4.0,3.0,0.0,0.0,0.0,0.0,0.0,False,,1950,0.0,0.75,0.0,0.0,0.0,0.0,1,False,1
Geki,Italy,"[1964, 1965, 1966]",0.0,3.0,2.0,0.0,0.0,0.0,0.0,0.0,False,,1960,0.0,0.6666666666666666,0.0,0.0,0.0,0.0,3,False,1
Olivier Gendebien,Belgium,"[1956, 1958, 1959, 1960, 1961]",0.0,15.0,14.0,0.0,0.0,2.0,0.0,18.0,False,,1960,0.0,0.9333333333333332,0.0,0.1333333333333333,0.0,1.2,5,False,1
Marc Gené,Spain,"[1999, 2000, 2003, 2004]",0.0,36.0,36.0,0.0,0.0,0.0,0.0,5.0,False,,2000,0.0,1.0,0.0,0.0,0.0,0.1388888888888889,4,False,1
Elmer George,United States,[1957],0.0,3.0,1.0,0.0,0.0,0.0,0.0,0.0,False,,1960,0.0,0.3333333333333333,0.0,0.0,0.0,0.0,1,False,1
Bob Gerard,United Kingdom,"[1950, 1951, 1953, 1954, 1956, 1957]",0.0,8.0,8.0,0.0,0.0,0.0,0.0,0.0,False,,1950,0.0,1.0,0.0,0.0,0.0,0.0,6,False,1
Gerino Gerini,Italy,"[1956, 1958]",0.0,7.0,6.0,0.0,0.0,0.0,0.0,1.5,False,,1960,0.0,0.8571428571428571,0.0,0.0,0.0,0.2142857142857142,2,False,1
Peter Gethin,United Kingdom,"[1970, 1971, 1972, 1973, 1974]",0.0,31.0,30.0,0.0,1.0,1.0,0.0,11.0,False,,1970,0.0,0.967741935483871,0.032258064516129,0.032258064516129,0.0,0.3548387096774194,5,False,1
Piercarlo Ghinzani,Italy,"[1981, 1983, 1984, 1985, 1986, 1987, 1988, 1989]",0.0,111.0,74.0,0.0,0.0,0.0,0.0,2.0,False,,1990,0.0,0.6666666666666666,0.0,0.0,0.0,0.018018018018018,8,False,1
Bruno Giacomelli,Italy,"[1977, 1978, 1979, 1980, 1981, 1982, 1983, 1990]",0.0,82.0,69.0,1.0,0.0,1.0,0.0,14.0,False,,1980,0.0121951219512195,0.8414634146341463,0.0,0.0121951219512195,0.0,0.1707317073170731,8,False,1
Dick Gibson,United Kingdom,"[1957, 1958]",0.0,2.0,2.0,0.0,0.0,0.0,0.0,0.0,False,,1960,0.0,1.0,0.0,0.0,0.0,0.0,2,False,1
Gimax,Italy,[1978],0.0,1.0,0.0,0.0,0.0,0.0,0.0,0.0,False,,1980,0.0,0.0,0.0,0.0,0.0,0.0,1,False,1
Richie Ginther,United States,"[1960, 1961, 1962, 1963, 1964, 1965, 1966, 1967]",0.0,54.0,52.0,0.0,1.0,14.0,3.0,102.0,False,,1960,0.0,0.9629629629629628,0.0185185185185185,0.2592592592592592,0.0555555555555555,1.8888888888888888,8,False,0
Antonio Giovinazzi,Italy,"[2017, 2019, 2020, 2021]",0.0,62.0,62.0,0.0,0.0,0.0,0.0,21.0,False,,2020,0.0,1.0,0.0,0.0,0.0,0.3387096774193548,4,False,1
Yves Giraud-Cabantous,France,"[1950, 1951, 1952, 1953]",0.0,13.0,13.0,0.0,0.0,0.0,0.0,5.0,False,,1950,0.0,1.0,0.0,0.0,0.0,0.3846153846153846,4,False,1
Ignazio Giunti,Italy,[1970],0.0,4.0,4.0,0.0,0.0,0.0,0.0,3.0,False,,1970,0.0,1.0,0.0,0.0,0.0,0.75,1,False,1
Timo Glock,Germany,"[2004, 2008, 2009, 2010, 2011, 2012]",0.0,95.0,91.0,0.0,0.0,3.0,1.0,51.0,False,,2010,0.0,0.9578947368421052,0.0,0.031578947368421,0.0105263157894736,0.5368421052631579,6,False,1
Helm Glöckler,West Germany,[1953],0.0,1.0,0.0,0.0,0.0,0.0,0.0,0.0,False,,1950,0.0,0.0,0.0,0.0,0.0,0.0,1,False,1
Paco Godia,Spain,"[1951, 1954, 1956, 1957, 1958]",0.0,14.0,13.0,0.0,0.0,0.0,0.0,6.0,False,,1960,0.0,0.9285714285714286,0.0,0.0,0.0,0.4285714285714285,5,False,1
Carel Godin de Beaufort,Netherlands,"[1957, 1958, 1959, 1960, 1961, 1962, 1963, 1964]",0.0,31.0,28.0,0.0,0.0,0.0,0.0,4.0,False,,1960,0.0,0.9032258064516128,0.0,0.0,0.0,0.1290322580645161,8,False,1
Christian Goethals,Belgium,[1958],0.0,1.0,1.0,0.0,0.0,0.0,0.0,0.0,False,,1960,0.0,1.0,0.0,0.0,0.0,0.0,1,False,1
Paul Goldsmith,United States,"[1958, 1959, 1960]",0.0,3.0,3.0,0.0,0.0,1.0,0.0,6.0,False,,1960,0.0,1.0,0.0,0.3333333333333333,0.0,2.0,3,False,1
José Froilán González,Argentina,"[1950, 1951, 1952, 1953, 1954, 1955, 1956, 1957, 1960]",0.0,26.0,26.0,3.0,2.0,15.0,6.0,72.14,False,,1950,0.1153846153846153,1.0,0.0769230769230769,0.5769230769230769,0.2307692307692307,2.7746153846153847,9,False,0
Óscar González,Uruguay,[1956],0.0,1.0,1.0,0.0,0.0,0.0,0.0,0.0,False,,1960,0.0,1.0,0.0,0.0,0.0,0.0,1,False,1
Aldo Gordini,France,[1951],0.0,1.0,1.0,0.0,0.0,0.0,0.0,0.0,False,,1950,0.0,1.0,0.0,0.0,0.0,0.0,1,False,1
Horace Gould,United Kingdom,"[1954, 1955, 1956, 1957, 1958, 1960]",0.0,18.0,14.0,0.0,0.0,0.0,0.0,2.0,False,,1960,0.0,0.7777777777777778,0.0,0.0,0.0,0.1111111111111111,6,False,1
Jean-Marc Gounon,France,"[1993, 1994]",0.0,9.0,9.0,0.0,0.0,0.0,0.0,0.0,False,,1990,0.0,1.0,0.0,0.0,0.0,0.0,2,False,1
Emmanuel de Graffenried,Switzerland,"[1950, 1951, 1952, 1953, 1954, 1956]",0.0,23.0,22.0,0.0,0.0,0.0,0.0,9.0,False,,1950,0.0,0.9565217391304348,0.0,0.0,0.0,0.391304347826087,6,False,1
Lucas di Grassi,Brazil,[2010],0.0,19.0,18.0,0.0,0.0,0.0,0.0,0.0,False,,2010,0.0,0.9473684210526316,0.0,0.0,0.0,0.0,1,False,1
Cecil Green,United States,"[1950, 1951]",0.0,2.0,2.0,0.0,0.0,0.0,0.0,3.0,False,,1950,0.0,1.0,0.0,0.0,0.0,1.5,2,False,1
Keith Greene,United Kingdom,"[1959, 1960, 1961, 1962]",0.0,6.0,3.0,0.0,0.0,0.0,0.0,0.0,False,,1960,0.0,0.5,0.0,0.0,0.0,0.0,4,False,1
Masten Gregory,United States,"[1957, 1958, 1959, 1960, 1961, 1962, 1963, 1965]",0.0,43.0,38.0,0.0,0.0,3.0,0.0,21.0,False,,1960,0.0,0.8837209302325582,0.0,0.0697674418604651,0.0,0.4883720930232558,8,False,1
Cliff Griffith,United States,"[1951, 1952, 1956]",0.0,7.0,3.0,0.0,0.0,0.0,0.0,0.0,False,,1950,0.0,0.4285714285714285,0.0,0.0,0.0,0.0,3,False,1
Georges Grignard,France,[1951],0.0,1.0,1.0,0.0,0.0,0.0,0.0,0.0,False,,1950,0.0,1.0,0.0,0.0,0.0,0.0,1,False,1
Bobby Grim,United States,"[1959, 1960]",0.0,2.0,2.0,0.0,0.0,0.0,0.0,0.0,False,,1960,0.0,1.0,0.0,0.0,0.0,0.0,2,False,1
Romain Grosjean,France,"[2009, 2012, 2013, 2014, 2015, 2016, 2017, 2018, 2019, 2020]",0.0,181.0,179.0,0.0,0.0,10.0,1.0,391.0,False,,2020,0.0,0.988950276243094,0.0,0.0552486187845303,0.005524861878453,2.160220994475138,10,False,0
Olivier Grouillard,France,"[1989, 1990, 1991, 1992]",0.0,62.0,41.0,0.0,0.0,0.0,0.0,1.0,False,,1990,0.0,0.6612903225806451,0.0,0.0,0.0,0.0161290322580645,4,False,1
Brian Gubby,United Kingdom,[1965],0.0,1.0,0.0,0.0,0.0,0.0,0.0,0.0,False,,1960,0.0,0.0,0.0,0.0,0.0,0.0,1,False,1
André Guelfi,France,[1958],0.0,1.0,1.0,0.0,0.0,0.0,0.0,0.0,False,,1960,0.0,1.0,0.0,0.0,0.0,0.0,1,False,1
Miguel Ángel Guerra,Argentina,[1981],0.0,4.0,1.0,0.0,0.0,0.0,0.0,0.0,False,,1980,0.0,0.25,0.0,0.0,0.0,0.0,1,False,1
Roberto Guerrero,Colombia,"[1982, 1983]",0.0,29.0,21.0,0.0,0.0,0.0,0.0,0.0,False,,1980,0.0,0.7241379310344828,0.0,0.0,0.0,0.0,2,False,1
Maurício Gugelmin,Brazil,"[1988, 1989, 1990, 1991, 1992]",0.0,80.0,74.0,0.0,0.0,1.0,1.0,10.0,False,,1990,0.0,0.925,0.0,0.0125,0.0125,0.125,5,False,1
Dan Gurney,United States,"[1959, 1960, 1961, 1962, 1963, 1964, 1965, 1966, 1967, 1968, 1970]",0.0,87.0,86.0,3.0,4.0,19.0,6.0,133.0,False,,1960,0.0344827586206896,0.9885057471264368,0.0459770114942528,0.2183908045977011,0.0689655172413793,1.528735632183908,11,False,0
Esteban Gutiérrez,Mexico,"[2013, 2014, 2016]",0.0,59.0,59.0,0.0,0.0,0.0,1.0,6.0,False,,2010,0.0,1.0,0.0,0.0,0.0169491525423728,0.1016949152542373,3,False,1
Hubert Hahne,West Germany,"[1967, 1968, 1970]",0.0,3.0,2.0,0.0,0.0,0.0,0.0,0.0,False,,1970,0.0,0.6666666666666666,0.0,0.0,0.0,0.0,3,False,1
Mike Hailwood,United Kingdom,"[1963, 1964, 1965, 1971, 1972, 1973, 1974]",0.0,50.0,50.0,0.0,0.0,2.0,1.0,29.0,False,,1970,0.0,1.0,0.0,0.04,0.02,0.58,7,False,1
Mika Häkkinen,Finland,"[1991, 1992, 1993, 1994, 1995, 1996, 1997, 1998, 1999, 2000, 2001]",2.0,165.0,161.0,26.0,20.0,51.0,25.0,420.0,False,"[1998, 1999]",2000,0.1575757575757575,0.9757575757575756,0.1212121212121212,0.3090909090909091,0.1515151515151515,2.5454545454545454,11,True,2
Bruce Halford,United Kingdom,"[1956, 1957, 1959, 1960]",0.0,9.0,8.0,0.0,0.0,0.0,0.0,0.0,False,,1960,0.0,0.8888888888888888,0.0,0.0,0.0,0.0,4,False,1
Jim Hall,United States,"[1960, 1961, 1962, 1963]",0.0,12.0,11.0,0.0,0.0,0.0,0.0,3.0,False,,1960,0.0,0.9166666666666666,0.0,0.0,0.0,0.25,4,False,1
Duncan Hamilton,United Kingdom,"[1951, 1952, 1953]",0.0,5.0,5.0,0.0,0.0,0.0,0.0,0.0,False,,1950,0.0,1.0,0.0,0.0,0.0,0.0,3,False,1
Lewis Hamilton,United Kingdom,"[2007, 2008, 2009, 2010, 2011, 2012, 2013, 2014, 2015, 2016, 2017, 2018, 2019, 2020, 2021, 2022]",7.0,311.0,311.0,103.0,103.0,191.0,61.0,4415.5,True,"[2008, 2014, 2015, 2017, 2018, 2019, 2020]",2010,0.3311897106109325,1.0,0.3311897106109325,0.6141479099678456,0.1961414790996784,14.19774919614148,16,True,2
David Hampshire,United Kingdom,[1950],0.0,2.0,2.0,0.0,0.0,0.0,0.0,0.0,False,,1950,0.0,1.0,0.0,0.0,0.0,0.0,1,False,1
Sam Hanks,United States,"[1950, 1951, 1952, 1953, 1954, 1955, 1956, 1957]",0.0,8.0,8.0,0.0,1.0,4.0,0.0,20.0,False,,1950,0.0,1.0,0.125,0.5,0.0,2.5,8,False,0
Walt Hansgen,United States,"[1961, 1964]",0.0,2.0,2.0,0.0,0.0,0.0,0.0,2.0,False,,1960,0.0,1.0,0.0,0.0,0.0,1.0,2,False,1
Mike Harris,South Africa,[1962],0.0,1.0,1.0,0.0,0.0,0.0,0.0,0.0,False,,1960,0.0,1.0,0.0,0.0,0.0,0.0,1,False,1
Cuth Harrison,United Kingdom,[1950],0.0,3.0,3.0,0.0,0.0,0.0,0.0,0.0,False,,1950,0.0,1.0,0.0,0.0,0.0,0.0,1,False,1
Brian Hart,United Kingdom,[1967],0.0,1.0,0.0,0.0,0.0,0.0,0.0,0.0,False,,1970,0.0,0.0,0.0,0.0,0.0,0.0,1,False,1
Brendon Hartley,New Zealand,"[2017, 2018]",0.0,25.0,25.0,0.0,0.0,0.0,0.0,4.0,False,,2020,0.0,1.0,0.0,0.0,0.0,0.16,2,False,1
Gene Hartley,United States,"[1950, 1952, 1953, 1954, 1955, 1956, 1957, 1958, 1959, 1960]",0.0,10.0,8.0,0.0,0.0,0.0,0.0,0.0,False,,1960,0.0,0.8,0.0,0.0,0.0,0.0,10,False,1
Rio Haryanto,Indonesia,[2016],0.0,12.0,12.0,0.0,0.0,0.0,0.0,0.0,False,,2020,0.0,1.0,0.0,0.0,0.0,0.0,1,False,1
Masahiro Hasemi,Japan,[1976],0.0,1.0,1.0,0.0,0.0,0.0,0.0,0.0,False,,1980,0.0,1.0,0.0,0.0,0.0,0.0,1,False,1
Naoki Hattori,Japan,[1991],0.0,2.0,0.0,0.0,0.0,0.0,0.0,0.0,False,,1990,0.0,0.0,0.0,0.0,0.0,0.0,1,False,1
Paul Hawkins,Australia,[1965],0.0,3.0,3.0,0.0,0.0,0.0,0.0,0.0,False,,1960,0.0,1.0,0.0,0.0,0.0,0.0,1,False,1
Mike Hawthorn,United Kingdom,"[1952, 1953, 1954, 1955, 1956, 1957, 1958]",1.0,47.0,45.0,4.0,3.0,18.0,6.0,112.64,False,[1958],1960,0.0851063829787234,0.9574468085106383,0.0638297872340425,0.3829787234042553,0.1276595744680851,2.3965957446808512,7,True,0
Boy Hayje,Netherlands,"[1976, 1977]",0.0,7.0,3.0,0.0,0.0,0.0,0.0,0.0,False,,1980,0.0,0.4285714285714285,0.0,0.0,0.0,0.0,2,False,1
Willi Heeks,West Germany,"[1952, 1953]",0.0,2.0,2.0,0.0,0.0,0.0,0.0,0.0,False,,1950,0.0,1.0,0.0,0.0,0.0,0.0,2,False,1
Nick Heidfeld,Germany,"[2000, 2001, 2002, 2003, 2004, 2005, 2006, 2007, 2008, 2009, 2010, 2011]",0.0,185.0,183.0,1.0,0.0,13.0,2.0,259.0,False,,2010,0.0054054054054054,0.9891891891891892,0.0,0.0702702702702702,0.0108108108108108,1.4,12,False,0
Theo Helfrich,West Germany,"[1952, 1953, 1954]",0.0,3.0,3.0,0.0,0.0,0.0,0.0,0.0,False,,1950,0.0,1.0,0.0,0.0,0.0,0.0,3,False,1
Mack Hellings,United States,"[1950, 1951]",0.0,2.0,2.0,0.0,0.0,0.0,0.0,0.0,False,,1950,0.0,1.0,0.0,0.0,0.0,0.0,2,False,1
Brian Henton,United Kingdom,"[1975, 1977, 1981, 1982]",0.0,37.0,19.0,0.0,0.0,0.0,1.0,0.0,False,,1980,0.0,0.5135135135135135,0.0,0.0,0.027027027027027,0.0,4,False,1
Johnny Herbert,United Kingdom,"[1989, 1990, 1991, 1992, 1993, 1994, 1995, 1996, 1997, 1998, 1999, 2000]",0.0,165.0,160.0,0.0,3.0,7.0,0.0,98.0,False,,1990,0.0,0.9696969696969696,0.0181818181818181,0.0424242424242424,0.0,0.593939393939394,12,False,0
Al Herman,United States,"[1955, 1956, 1957, 1959, 1960]",0.0,8.0,5.0,0.0,0.0,0.0,0.0,0.0,False,,1960,0.0,0.625,0.0,0.0,0.0,0.0,5,False,1
Hans Herrmann,West Germany,"[1953, 1954, 1955, 1957, 1958, 1959, 1960, 1961]",0.0,19.0,17.0,0.0,0.0,1.0,1.0,10.0,False,,1960,0.0,0.8947368421052632,0.0,0.0526315789473684,0.0526315789473684,0.5263157894736842,8,False,1
François Hesnault,France,"[1984, 1985]",0.0,21.0,19.0,0.0,0.0,0.0,0.0,0.0,False,,1980,0.0,0.9047619047619048,0.0,0.0,0.0,0.0,2,False,1
Hans Heyer,West Germany,[1977],0.0,1.0,1.0,0.0,0.0,0.0,0.0,0.0,False,,1980,0.0,1.0,0.0,0.0,0.0,0.0,1,False,1
Damon Hill,United Kingdom,"[1992, 1993, 1994, 1995, 1996, 1997, 1998, 1999]",1.0,122.0,115.0,20.0,22.0,42.0,19.0,360.0,False,[1996],2000,0.1639344262295081,0.9426229508196722,0.180327868852459,0.3442622950819672,0.1557377049180328,2.950819672131148,8,True,0
Graham Hill,United Kingdom,"[1958, 1959, 1960, 1961, 1962, 1963, 1964, 1965, 1966, 1967, 1968, 1969, 1970, 1971, 1972, 1973, 1974, 1975]",2.0,179.0,176.0,13.0,14.0,36.0,10.0,270.0,False,"[1962, 1968]",1970,0.0726256983240223,0.9832402234636872,0.0782122905027933,0.2011173184357542,0.0558659217877094,1.5083798882681565,18,True,0
Phil Hill,United States,"[1958, 1959, 1960, 1961, 1962, 1963, 1964, 1966]",1.0,52.0,49.0,6.0,3.0,16.0,6.0,94.0,False,[1961],1960,0.1153846153846153,0.9423076923076924,0.0576923076923076,0.3076923076923077,0.1153846153846153,1.807692307692308,8,True,0
Peter Hirt,Switzerland,"[1951, 1952, 1953]",0.0,5.0,5.0,0.0,0.0,0.0,0.0,0.0,False,,1950,0.0,1.0,0.0,0.0,0.0,0.0,3,False,1
David Hobbs,United Kingdom,"[1967, 1968, 1971, 1974]",0.0,7.0,7.0,0.0,0.0,0.0,0.0,0.0,False,,1970,0.0,1.0,0.0,0.0,0.0,0.0,4,False,1
Gary Hocking,Rhodesia and Nyasaland,[1962],0.0,1.0,0.0,0.0,0.0,0.0,0.0,0.0,False,,1960,0.0,0.0,0.0,0.0,0.0,0.0,1,False,1
Ingo Hoffmann,Brazil,"[1976, 1977]",0.0,6.0,3.0,0.0,0.0,0.0,0.0,0.0,False,,1980,0.0,0.5,0.0,0.0,0.0,0.0,2,False,1
Bill Holland,United States,"[1950, 1953]",0.0,3.0,2.0,0.0,0.0,1.0,0.0,6.0,False,,1950,0.0,0.6666666666666666,0.0,0.3333333333333333,0.0,2.0,2,False,1
Jackie Holmes,United States,"[1950, 1953]",0.0,4.0,2.0,0.0,0.0,0.0,0.0,0.0,False,,1950,0.0,0.5,0.0,0.0,0.0,0.0,2,False,1
Bill Homeier,United States,"[1954, 1955, 1960]",0.0,6.0,3.0,0.0,0.0,0.0,0.0,1.0,False,,1960,0.0,0.5,0.0,0.0,0.0,0.1666666666666666,3,False,1
Kazuyoshi Hoshino,Japan,"[1976, 1977]",0.0,2.0,2.0,0.0,0.0,0.0,0.0,0.0,False,,1980,0.0,1.0,0.0,0.0,0.0,0.0,2,False,1
Jerry Hoyt,United States,"[1950, 1953, 1954, 1955]",0.0,4.0,4.0,1.0,0.0,0.0,0.0,0.0,False,,1950,0.25,1.0,0.0,0.0,0.0,0.0,4,False,1
Nico Hülkenberg,Germany,"[2010, 2012, 2013, 2014, 2015, 2016, 2017, 2018, 2019, 2020, 2022]",0.0,185.0,182.0,1.0,0.0,0.0,2.0,521.0,True,,2020,0.0054054054054054,0.9837837837837838,0.0,0.0,0.0108108108108108,2.8162162162162163,11,False,0
Denny Hulme,New Zealand,"[1965, 1966, 1967, 1968, 1969, 1970, 1971, 1972, 1973, 1974]",1.0,112.0,112.0,1.0,8.0,33.0,9.0,248.0,False,[1967],1970,0.0089285714285714,1.0,0.0714285714285714,0.2946428571428571,0.0803571428571428,2.2142857142857144,10,True,0
James Hunt,United Kingdom,"[1973, 1974, 1975, 1976, 1977, 1978, 1979]",1.0,93.0,92.0,14.0,10.0,23.0,8.0,179.0,False,[1976],1980,0.1505376344086021,0.989247311827957,0.1075268817204301,0.2473118279569892,0.086021505376344,1.924731182795699,7,True,0
Jim Hurtubise,United States,[1960],0.0,1.0,1.0,0.0,0.0,0.0,0.0,0.0,False,,1960,0.0,1.0,0.0,0.0,0.0,0.0,1,False,1
Gus Hutchison,United States,[1970],0.0,1.0,1.0,0.0,0.0,0.0,0.0,0.0,False,,1970,0.0,1.0,0.0,0.0,0.0,0.0,1,False,1
Jacky Ickx,Belgium,"[1967, 1968, 1969, 1970, 1971, 1972, 1973, 1974, 1975, 1976, 1977, 1978, 1979]",0.0,120.0,114.0,13.0,8.0,25.0,14.0,181.0,False,,1970,0.1083333333333333,0.95,0.0666666666666666,0.2083333333333333,0.1166666666666666,1.5083333333333333,13,False,0
Yuji Ide,Japan,[2006],0.0,4.0,4.0,0.0,0.0,0.0,0.0,0.0,False,,2010,0.0,1.0,0.0,0.0,0.0,0.0,1,False,1
Jesús Iglesias,Argentina,[1955],0.0,1.0,1.0,0.0,0.0,0.0,0.0,0.0,False,,1960,0.0,1.0,0.0,0.0,0.0,0.0,1,False,1
Taki Inoue,Japan,"[1994, 1995]",0.0,18.0,18.0,0.0,0.0,0.0,0.0,0.0,False,,1990,0.0,1.0,0.0,0.0,0.0,0.0,2,False,1
Innes Ireland,United Kingdom,"[1959, 1960, 1961, 1962, 1963, 1964, 1965, 1966]",0.0,53.0,50.0,0.0,1.0,4.0,1.0,47.0,False,,1960,0.0,0.9433962264150944,0.0188679245283018,0.0754716981132075,0.0188679245283018,0.8867924528301887,8,False,1
Eddie Irvine,United Kingdom,"[1993, 1994, 1995, 1996, 1997, 1998, 1999, 2000, 2001, 2002]",0.0,148.0,145.0,0.0,4.0,26.0,1.0,191.0,False,,2000,0.0,0.9797297297297296,0.027027027027027,0.1756756756756756,0.0067567567567567,1.2905405405405406,10,False,0
Chris Irwin,United Kingdom,"[1966, 1967]",0.0,10.0,10.0,0.0,0.0,0.0,0.0,2.0,False,,1970,0.0,1.0,0.0,0.0,0.0,0.2,2,False,1
Jean-Pierre Jabouille,France,"[1974, 1975, 1977, 1978, 1979, 1980, 1981]",0.0,55.0,49.0,6.0,2.0,2.0,0.0,21.0,False,,1980,0.109090909090909,0.8909090909090909,0.0363636363636363,0.0363636363636363,0.0,0.3818181818181818,7,False,1
Jimmy Jackson,United States,"[1950, 1954]",0.0,3.0,2.0,0.0,0.0,0.0,0.0,0.0,False,,1950,0.0,0.6666666666666666,0.0,0.0,0.0,0.0,2,False,1
Joe James,United States,"[1951, 1952]",0.0,3.0,2.0,0.0,0.0,0.0,0.0,0.0,False,,1950,0.0,0.6666666666666666,0.0,0.0,0.0,0.0,2,False,1
John James,United Kingdom,[1951],0.0,1.0,1.0,0.0,0.0,0.0,0.0,0.0,False,,1950,0.0,1.0,0.0,0.0,0.0,0.0,1,False,1
Jean-Pierre Jarier,France,"[1971, 1973, 1974, 1975, 1976, 1977, 1978, 1979, 1980, 1981, 1982, 1983]",0.0,143.0,135.0,3.0,0.0,3.0,3.0,31.5,False,,1980,0.0209790209790209,0.944055944055944,0.0,0.0209790209790209,0.0209790209790209,0.2202797202797203,12,False,0
Max Jean[w],France,[1971],0.0,1.0,1.0,0.0,0.0,0.0,0.0,0.0,False,,1970,0.0,1.0,0.0,0.0,0.0,0.0,1,False,1
Stefan Johansson,Sweden,"[1980, 1983, 1984, 1985, 1986, 1987, 1988, 1989, 1990, 1991]",0.0,103.0,79.0,0.0,0.0,12.0,0.0,88.0,False,,1990,0.0,0.7669902912621359,0.0,0.116504854368932,0.0,0.8543689320388349,10,False,0
Eddie Johnson,United States,"[1952, 1953, 1954, 1955, 1956, 1957, 1958, 1959, 1960]",0.0,9.0,9.0,0.0,0.0,0.0,0.0,1.0,False,,1960,0.0,1.0,0.0,0.0,0.0,0.1111111111111111,9,False,1
Leslie Johnson,United Kingdom,[1950],0.0,1.0,1.0,0.0,0.0,0.0,0.0,0.0,False,,1950,0.0,1.0,0.0,0.0,0.0,0.0,1,False,1
Bruce Johnstone,South Africa,[1962],0.0,1.0,1.0,0.0,0.0,0.0,0.0,0.0,False,,1960,0.0,1.0,0.0,0.0,0.0,0.0,1,False,1
Alan Jones,Australia,"[1975, 1976, 1977, 1978, 1979, 1980, 1981, 1983, 1985, 1986]",1.0,117.0,116.0,6.0,12.0,24.0,13.0,199.0,False,[1980],1980,0.0512820512820512,0.9914529914529916,0.1025641025641025,0.2051282051282051,0.1111111111111111,1.7008547008547008,10,True,0
Tom Jones,United States,[1967],0.0,1.0,0.0,0.0,0.0,0.0,0.0,0.0,False,,1970,0.0,0.0,0.0,0.0,0.0,0.0,1,False,1
Juan Jover,Spain,[1951],0.0,1.0,0.0,0.0,0.0,0.0,0.0,0.0,False,,1950,0.0,0.0,0.0,0.0,0.0,0.0,1,False,1
Oswald Karch,West Germany,[1953],0.0,1.0,1.0,0.0,0.0,0.0,0.0,0.0,False,,1950,0.0,1.0,0.0,0.0,0.0,0.0,1,False,1
Narain Karthikeyan,India,"[2005, 2011, 2012]",0.0,48.0,46.0,0.0,0.0,0.0,0.0,5.0,False,,2010,0.0,0.9583333333333334,0.0,0.0,0.0,0.1041666666666666,3,False,1
Ukyo Katayama,Japan,"[1992, 1993, 1994, 1995, 1996, 1997]",0.0,97.0,95.0,0.0,0.0,0.0,0.0,5.0,False,,1990,0.0,0.979381443298969,0.0,0.0,0.0,0.0515463917525773,6,False,1
Ken Kavanagh,Australia,[1958],0.0,2.0,0.0,0.0,0.0,0.0,0.0,0.0,False,,1960,0.0,0.0,0.0,0.0,0.0,0.0,1,False,1
Rupert Keegan,United Kingdom,"[1977, 1978, 1980, 1982]",0.0,37.0,25.0,0.0,0.0,0.0,0.0,0.0,False,,1980,0.0,0.6756756756756757,0.0,0.0,0.0,0.0,4,False,1
Eddie Keizan,South Africa,"[1973, 1974, 1975]",0.0,3.0,3.0,0.0,0.0,0.0,0.0,0.0,False,,1970,0.0,1.0,0.0,0.0,0.0,0.0,3,False,1
Al Keller,United States,"[1955, 1956, 1957, 1958, 1959]",0.0,6.0,5.0,0.0,0.0,0.0,0.0,0.0,False,,1960,0.0,0.8333333333333334,0.0,0.0,0.0,0.0,5,False,1
Joe Kelly,Ireland,"[1950, 1951]",0.0,2.0,2.0,0.0,0.0,0.0,0.0,0.0,False,,1950,0.0,1.0,0.0,0.0,0.0,0.0,2,False,1
David Kennedy,Ireland,[1980],0.0,7.0,0.0,0.0,0.0,0.0,0.0,0.0,False,,1980,0.0,0.0,0.0,0.0,0.0,0.0,1,False,1
Loris Kessel,Switzerland,"[1976, 1977]",0.0,6.0,3.0,0.0,0.0,0.0,0.0,0.0,False,,1980,0.0,0.5,0.0,0.0,0.0,0.0,2,False,1
Bruce Kessler,United States,[1958],0.0,1.0,0.0,0.0,0.0,0.0,0.0,0.0,False,,1960,0.0,0.0,0.0,0.0,0.0,0.0,1,False,1
Nicolas Kiesa,Denmark,[2003],0.0,5.0,5.0,0.0,0.0,0.0,0.0,0.0,False,,2000,0.0,1.0,0.0,0.0,0.0,0.0,1,False,1
Leo Kinnunen,Finland,[1974],0.0,6.0,1.0,0.0,0.0,0.0,0.0,0.0,False,,1970,0.0,0.1666666666666666,0.0,0.0,0.0,0.0,1,False,1
Danny Kladis,United States,[1954],0.0,5.0,1.0,0.0,0.0,0.0,0.0,0.0,False,,1950,0.0,0.2,0.0,0.0,0.0,0.0,1,False,1
Hans Klenk,West Germany,[1952],0.0,1.0,1.0,0.0,0.0,0.0,0.0,0.0,False,,1950,0.0,1.0,0.0,0.0,0.0,0.0,1,False,1
Peter de Klerk,South Africa,"[1963, 1965, 1969, 1970]",0.0,4.0,4.0,0.0,0.0,0.0,0.0,0.0,False,,1970,0.0,1.0,0.0,0.0,0.0,0.0,4,False,1
Christian Klien,Austria,"[2004, 2005, 2006, 2010]",0.0,51.0,49.0,0.0,0.0,0.0,0.0,14.0,False,,2010,0.0,0.9607843137254902,0.0,0.0,0.0,0.2745098039215686,4,False,1
Karl Kling,West Germany,"[1954, 1955]",0.0,11.0,11.0,0.0,0.0,2.0,1.0,17.0,False,,1950,0.0,1.0,0.0,0.1818181818181818,0.0909090909090909,1.5454545454545454,2,False,1
Ernst Klodwig,East Germany,"[1952, 1953]",0.0,2.0,2.0,0.0,0.0,0.0,0.0,0.0,False,,1950,0.0,1.0,0.0,0.0,0.0,0.0,2,False,1
Kamui Kobayashi,Japan,"[2009, 2010, 2011, 2012, 2014]",0.0,76.0,75.0,0.0,0.0,1.0,1.0,125.0,False,,2010,0.0,0.986842105263158,0.0,0.0131578947368421,0.0131578947368421,1.644736842105263,5,False,1
Helmuth Koinigg,Austria,[1974],0.0,3.0,2.0,0.0,0.0,0.0,0.0,0.0,False,,1970,0.0,0.6666666666666666,0.0,0.0,0.0,0.0,1,False,1
Heikki Kovalainen,Finland,"[2007, 2008, 2009, 2010, 2011, 2012, 2013]",0.0,112.0,111.0,1.0,1.0,4.0,2.0,105.0,False,,2010,0.0089285714285714,0.9910714285714286,0.0089285714285714,0.0357142857142857,0.0178571428571428,0.9375,7,False,0
Mikko Kozarowitzky,Finland,[1977],0.0,2.0,0.0,0.0,0.0,0.0,0.0,0.0,False,,1980,0.0,0.0,0.0,0.0,0.0,0.0,1,False,1
Willi Krakau,West Germany,[1952],0.0,1.0,0.0,0.0,0.0,0.0,0.0,0.0,False,,1950,0.0,0.0,0.0,0.0,0.0,0.0,1,False,1
Rudolf Krause,East Germany,"[1952, 1953]",0.0,2.0,2.0,0.0,0.0,0.0,0.0,0.0,False,,1950,0.0,1.0,0.0,0.0,0.0,0.0,2,False,1
Robert Kubica,Poland,"[2006, 2007, 2008, 2009, 2010, 2019, 2021]",0.0,99.0,99.0,1.0,1.0,12.0,1.0,274.0,False,,2010,0.0101010101010101,1.0,0.0101010101010101,0.1212121212121212,0.0101010101010101,2.767676767676768,7,False,0
Kurt Kuhnke,West Germany,[1963],0.0,1.0,0.0,0.0,0.0,0.0,0.0,0.0,False,,1960,0.0,0.0,0.0,0.0,0.0,0.0,1,False,1
Masami Kuwashima,Japan,[1976],0.0,1.0,0.0,0.0,0.0,0.0,0.0,0.0,False,,1980,0.0,0.0,0.0,0.0,0.0,0.0,1,False,1
Daniil Kvyat,Russia,"[2014, 2015, 2016, 2017, 2019, 2020]",0.0,112.0,110.0,0.0,0.0,3.0,1.0,202.0,False,,2020,0.0,0.9821428571428572,0.0,0.0267857142857142,0.0089285714285714,1.8035714285714288,6,False,0
Robert La Caze,Morocco,[1958],0.0,1.0,1.0,0.0,0.0,0.0,0.0,0.0,False,,1960,0.0,1.0,0.0,0.0,0.0,0.0,1,False,1
Jacques Laffite,France,"[1974, 1975, 1976, 1977, 1978, 1979, 1980, 1981, 1982, 1983, 1984, 1985, 1986]",0.0,180.0,176.0,7.0,6.0,32.0,7.0,228.0,False,,1980,0.0388888888888888,0.9777777777777776,0.0333333333333333,0.1777777777777777,0.0388888888888888,1.2666666666666666,13,False,0
Franck Lagorce,France,[1994],0.0,2.0,2.0,0.0,0.0,0.0,0.0,0.0,False,,1990,0.0,1.0,0.0,0.0,0.0,0.0,1,False,1
Jan Lammers,Netherlands,"[1979, 1980, 1981, 1982, 1992]",0.0,41.0,23.0,0.0,0.0,0.0,0.0,0.0,False,,1980,0.0,0.5609756097560976,0.0,0.0,0.0,0.0,5,False,1
Pedro Lamy,Portugal,"[1993, 1994, 1995, 1996]",0.0,32.0,32.0,0.0,0.0,0.0,0.0,1.0,False,,1990,0.0,1.0,0.0,0.0,0.0,0.03125,4,False,1
Chico Landi,Brazil,"[1951, 1952, 1953, 1956]",0.0,6.0,6.0,0.0,0.0,0.0,0.0,1.5,False,,1950,0.0,1.0,0.0,0.0,0.0,0.25,4,False,1
Hermann Lang,West Germany,"[1953, 1954]",0.0,2.0,2.0,0.0,0.0,0.0,0.0,2.0,False,,1950,0.0,1.0,0.0,0.0,0.0,1.0,2,False,1
Claudio Langes,Italy,[1990],0.0,14.0,0.0,0.0,0.0,0.0,0.0,0.0,False,,1990,0.0,0.0,0.0,0.0,0.0,0.0,1,False,1
Nicola Larini,Italy,"[1987, 1988, 1989, 1990, 1991, 1992, 1994, 1997]",0.0,75.0,49.0,0.0,0.0,1.0,0.0,7.0,False,,1990,0.0,0.6533333333333333,0.0,0.0133333333333333,0.0,0.0933333333333333,8,False,1
Oscar Larrauri,Argentina,"[1988, 1989]",0.0,21.0,8.0,0.0,0.0,0.0,0.0,0.0,False,,1990,0.0,0.3809523809523809,0.0,0.0,0.0,0.0,2,False,1
Gérard Larrousse,France,[1974],0.0,2.0,1.0,0.0,0.0,0.0,0.0,0.0,False,,1970,0.0,0.5,0.0,0.0,0.0,0.0,1,False,1
Jud Larson,United States,"[1958, 1959]",0.0,5.0,2.0,0.0,0.0,0.0,0.0,0.0,False,,1960,0.0,0.4,0.0,0.0,0.0,0.0,2,False,1
Nicholas Latifi,Canada,"[2020, 2021, 2022]",0.0,61.0,61.0,0.0,0.0,0.0,0.0,9.0,False,,2020,0.0,1.0,0.0,0.0,0.0,0.1475409836065573,3,False,1
Niki Lauda,Austria,"[1971, 1972, 1973, 1974, 1975, 1976, 1977, 1978, 1979, 1982, 1983, 1984, 1985]",3.0,177.0,171.0,24.0,25.0,54.0,24.0,420.5,False,"[1975, 1977, 1984]",1980,0.135593220338983,0.9661016949152542,0.1412429378531073,0.3050847457627119,0.135593220338983,2.3757062146892656,13,True,2
Roger Laurent,Belgium,[1952],0.0,2.0,2.0,0.0,0.0,0.0,0.0,0.0,False,,1950,0.0,1.0,0.0,0.0,0.0,0.0,1,False,1
Giovanni Lavaggi,Italy,"[1995, 1996]",0.0,10.0,7.0,0.0,0.0,0.0,0.0,0.0,False,,2000,0.0,0.7,0.0,0.0,0.0,0.0,2,False,1
Chris Lawrence,United Kingdom,[1966],0.0,2.0,2.0,0.0,0.0,0.0,0.0,0.0,False,,1970,0.0,1.0,0.0,0.0,0.0,0.0,1,False,1
Charles Leclerc,Monaco,"[2018, 2019, 2020, 2021, 2022]",0.0,104.0,103.0,18.0,5.0,24.0,7.0,868.0,True,,2020,0.173076923076923,0.9903846153846154,0.048076923076923,0.2307692307692307,0.0673076923076923,8.346153846153847,5,False,0
Michel Leclère,France,"[1975, 1976]",0.0,8.0,7.0,0.0,0.0,0.0,0.0,0.0,False,,1980,0.0,0.875,0.0,0.0,0.0,0.0,2,False,1
Neville Lederle,South Africa,"[1962, 1965]",0.0,2.0,1.0,0.0,0.0,0.0,0.0,1.0,False,,1960,0.0,0.5,0.0,0.0,0.0,0.5,2,False,1
Geoff Lees,United Kingdom,"[1978, 1979, 1980, 1982]",0.0,12.0,5.0,0.0,0.0,0.0,0.0,0.0,False,,1980,0.0,0.4166666666666667,0.0,0.0,0.0,0.0,4,False,1
Gijs van Lennep,Netherlands,"[1971, 1973, 1974, 1975]",0.0,10.0,8.0,0.0,0.0,0.0,0.0,2.0,False,,1970,0.0,0.8,0.0,0.0,0.0,0.2,4,False,1
Arthur Legat,Belgium,"[1952, 1953]",0.0,2.0,2.0,0.0,0.0,0.0,0.0,0.0,False,,1950,0.0,1.0,0.0,0.0,0.0,0.0,2,False,1
JJ Lehto,Finland,"[1989, 1990, 1991, 1992, 1993, 1994]",0.0,70.0,62.0,0.0,0.0,1.0,0.0,10.0,False,,1990,0.0,0.8857142857142857,0.0,0.0142857142857142,0.0,0.1428571428571428,6,False,1
Lamberto Leoni,Italy,"[1977, 1978]",0.0,5.0,1.0,0.0,0.0,0.0,0.0,0.0,False,,1980,0.0,0.2,0.0,0.0,0.0,0.0,2,False,1
Les Leston,United Kingdom,"[1956, 1957]",0.0,3.0,2.0,0.0,0.0,0.0,0.0,0.0,False,,1960,0.0,0.6666666666666666,0.0,0.0,0.0,0.0,2,False,1
Pierre Levegh,France,"[1950, 1951]",0.0,6.0,6.0,0.0,0.0,0.0,0.0,0.0,False,,1950,0.0,1.0,0.0,0.0,0.0,0.0,2,False,1
Bayliss Levrett,United States,[1950],0.0,3.0,1.0,0.0,0.0,0.0,0.0,0.0,False,,1950,0.0,0.3333333333333333,0.0,0.0,0.0,0.0,1,False,1
Jackie Lewis,United Kingdom,"[1961, 1962]",0.0,10.0,9.0,0.0,0.0,0.0,0.0,3.0,False,,1960,0.0,0.9,0.0,0.0,0.0,0.3,2,False,1
Stuart Lewis-Evans,United Kingdom,"[1957, 1958]",0.0,14.0,14.0,2.0,0.0,2.0,0.0,16.0,False,,1960,0.1428571428571428,1.0,0.0,0.1428571428571428,0.0,1.1428571428571428,2,False,1
Guy Ligier,France,"[1966, 1967]",0.0,13.0,12.0,0.0,0.0,0.0,0.0,1.0,False,,1970,0.0,0.9230769230769232,0.0,0.0,0.0,0.0769230769230769,2,False,1
Andy Linden,United States,"[1951, 1952, 1953, 1954, 1955, 1956, 1957]",0.0,8.0,7.0,0.0,0.0,0.0,0.0,5.0,False,,1950,0.0,0.875,0.0,0.0,0.0,0.625,7,False,1
Roberto Lippi,Italy,"[1961, 1962, 1963]",0.0,3.0,1.0,0.0,0.0,0.0,0.0,0.0,False,,1960,0.0,0.3333333333333333,0.0,0.0,0.0,0.0,3,False,1
Vitantonio Liuzzi,Italy,"[2005, 2006, 2007, 2009, 2010, 2011]",0.0,81.0,80.0,0.0,0.0,0.0,0.0,26.0,False,,2010,0.0,0.9876543209876544,0.0,0.0,0.0,0.3209876543209876,6,False,1
Dries van der Lof,Netherlands,[1952],0.0,1.0,1.0,0.0,0.0,0.0,0.0,0.0,False,,1950,0.0,1.0,0.0,0.0,0.0,0.0,1,False,1
Lella Lombardi,Italy,"[1974, 1975, 1976]",0.0,17.0,12.0,0.0,0.0,0.0,0.0,0.5,False,,1980,0.0,0.7058823529411765,0.0,0.0,0.0,0.0294117647058823,3,False,1
Ricardo Londoño,Colombia,[1981],0.0,1.0,0.0,0.0,0.0,0.0,0.0,0.0,False,,1980,0.0,0.0,0.0,0.0,0.0,0.0,1,False,1
Ernst Loof,West Germany,[1953],0.0,1.0,1.0,0.0,0.0,0.0,0.0,0.0,False,,1950,0.0,1.0,0.0,0.0,0.0,0.0,1,False,1
André Lotterer,Germany,[2014],0.0,1.0,1.0,0.0,0.0,0.0,0.0,0.0,False,,2010,0.0,1.0,0.0,0.0,0.0,0.0,1,False,1
Henri Louveau,France,"[1950, 1951]",0.0,2.0,2.0,0.0,0.0,0.0,0.0,0.0,False,,1950,0.0,1.0,0.0,0.0,0.0,0.0,2,False,1
John Love,Rhodesia,"[1962, 1963, 1964, 1965, 1967, 1968, 1969, 1970, 1971, 1972]",0.0,10.0,9.0,0.0,0.0,1.0,0.0,6.0,False,,1970,0.0,0.9,0.0,0.1,0.0,0.6,10,False,1
Pete Lovely,United States,"[1959, 1960, 1969, 1970, 1971]",0.0,11.0,7.0,0.0,0.0,0.0,0.0,0.0,False,,1970,0.0,0.6363636363636364,0.0,0.0,0.0,0.0,5,False,1
Roger Loyer,France,[1954],0.0,1.0,1.0,0.0,0.0,0.0,0.0,0.0,False,,1950,0.0,1.0,0.0,0.0,0.0,0.0,1,False,1
Jean Lucas,France,[1955],0.0,1.0,1.0,0.0,0.0,0.0,0.0,0.0,False,,1960,0.0,1.0,0.0,0.0,0.0,0.0,1,False,1
Jean Lucienbonnet,France,[1959],0.0,1.0,0.0,0.0,0.0,0.0,0.0,0.0,False,,1960,0.0,0.0,0.0,0.0,0.0,0.0,1,False,1
Erik Lundgren,Sweden,[1951],0.0,1.0,0.0,0.0,0.0,0.0,0.0,0.0,False,,1950,0.0,0.0,0.0,0.0,0.0,0.0,1,False,1
Brett Lunger,United States,"[1975, 1976, 1977, 1978]",0.0,43.0,34.0,0.0,0.0,0.0,0.0,0.0,False,,1980,0.0,0.7906976744186046,0.0,0.0,0.0,0.0,4,False,1
Mike MacDowel,United Kingdom,[1957],0.0,1.0,1.0,0.0,0.0,0.0,0.0,0.0,False,,1960,0.0,1.0,0.0,0.0,0.0,0.0,1,False,1
Herbert MacKay-Fraser,United States,[1957],0.0,1.0,1.0,0.0,0.0,0.0,0.0,0.0,False,,1960,0.0,1.0,0.0,0.0,0.0,0.0,1,False,1
Bill Mackey,United States,[1951],0.0,1.0,1.0,0.0,0.0,0.0,0.0,0.0,False,,1950,0.0,1.0,0.0,0.0,0.0,0.0,1,False,1
Lance Macklin,United Kingdom,"[1952, 1953, 1954, 1955]",0.0,15.0,13.0,0.0,0.0,0.0,0.0,0.0,False,,1950,0.0,0.8666666666666667,0.0,0.0,0.0,0.0,4,False,1
Damien Magee,United Kingdom,"[1975, 1976]",0.0,2.0,1.0,0.0,0.0,0.0,0.0,0.0,False,,1980,0.0,0.5,0.0,0.0,0.0,0.0,2,False,1
Tony Maggs,South Africa,"[1961, 1962, 1963, 1964, 1965]",0.0,27.0,25.0,0.0,0.0,3.0,0.0,26.0,False,,1960,0.0,0.925925925925926,0.0,0.1111111111111111,0.0,0.9629629629629628,5,False,1
Mike Magill,United States,"[1957, 1958, 1959]",0.0,4.0,3.0,0.0,0.0,0.0,0.0,0.0,False,,1960,0.0,0.75,0.0,0.0,0.0,0.0,3,False,1
Umberto Maglioli,Italy,"[1953, 1954, 1955, 1956, 1957]",0.0,10.0,10.0,0.0,0.0,2.0,0.0,3.33,False,,1960,0.0,1.0,0.0,0.2,0.0,0.333,5,False,1
Jan Magnussen,Denmark,"[1995, 1997, 1998]",0.0,25.0,24.0,0.0,0.0,0.0,0.0,1.0,False,,2000,0.0,0.96,0.0,0.0,0.0,0.04,3,False,1
Kevin Magnussen,Denmark,"[2014, 2015, 2016, 2017, 2018, 2019, 2020, 2022]",0.0,143.0,142.0,1.0,0.0,1.0,2.0,183.0,True,,2020,0.0069930069930069,0.993006993006993,0.0,0.0069930069930069,0.0139860139860139,1.2797202797202798,8,False,0
Guy Mairesse,France,"[1950, 1951]",0.0,3.0,3.0,0.0,0.0,0.0,0.0,0.0,False,,1950,0.0,1.0,0.0,0.0,0.0,0.0,2,False,1
Willy Mairesse,Belgium,"[1960, 1961, 1962, 1963, 1965]",0.0,13.0,12.0,0.0,0.0,1.0,0.0,7.0,False,,1960,0.0,0.9230769230769232,0.0,0.0769230769230769,0.0,0.5384615384615384,5,False,1
Pastor Maldonado,Venezuela,"[2011, 2012, 2013, 2014, 2015]",0.0,96.0,95.0,1.0,1.0,1.0,0.0,76.0,False,,2010,0.0104166666666666,0.9895833333333334,0.0104166666666666,0.0104166666666666,0.0,0.7916666666666666,5,False,1
Nigel Mansell,United Kingdom,"[1980, 1981, 1982, 1983, 1984, 1985, 1986, 1987, 1988, 1989, 1990, 1991, 1992, 1994, 1995]",1.0,191.0,187.0,32.0,31.0,59.0,30.0,480.0,False,[1992],1990,0.1675392670157068,0.9790575916230366,0.1623036649214659,0.3089005235602094,0.1570680628272251,2.513089005235602,15,True,2
Sergio Mantovani,Italy,"[1953, 1954, 1955]",0.0,8.0,7.0,0.0,0.0,0.0,0.0,4.0,False,,1950,0.0,0.875,0.0,0.0,0.0,0.5,3,False,1
Johnny Mantz,United States,[1953],0.0,1.0,0.0,0.0,0.0,0.0,0.0,0.0,False,,1950,0.0,0.0,0.0,0.0,0.0,0.0,1,False,1
Robert Manzon,France,"[1950, 1951, 1952, 1953, 1954, 1955, 1956]",0.0,29.0,28.0,0.0,0.0,2.0,0.0,16.0,False,,1950,0.0,0.9655172413793104,0.0,0.0689655172413793,0.0,0.5517241379310345,7,False,1
Onofre Marimón,Argentina,"[1951, 1953, 1954]",0.0,12.0,11.0,0.0,0.0,2.0,1.0,8.14,False,,1950,0.0,0.9166666666666666,0.0,0.1666666666666666,0.0833333333333333,0.6783333333333333,3,False,1
Helmut Marko,Austria,"[1971, 1972]",0.0,10.0,10.0,0.0,0.0,0.0,0.0,0.0,False,,1970,0.0,1.0,0.0,0.0,0.0,0.0,2,False,1
Tarso Marques,Brazil,"[1996, 1997, 2001]",0.0,26.0,24.0,0.0,0.0,0.0,0.0,0.0,False,,2000,0.0,0.9230769230769232,0.0,0.0,0.0,0.0,3,False,1
Leslie Marr,United Kingdom,"[1954, 1955]",0.0,2.0,2.0,0.0,0.0,0.0,0.0,0.0,False,,1950,0.0,1.0,0.0,0.0,0.0,0.0,2,False,1
Tony Marsh,United Kingdom,"[1957, 1958, 1961]",0.0,5.0,4.0,0.0,0.0,0.0,0.0,0.0,False,,1960,0.0,0.8,0.0,0.0,0.0,0.0,3,False,1
Eugène Martin,France,[1950],0.0,2.0,2.0,0.0,0.0,0.0,0.0,0.0,False,,1950,0.0,1.0,0.0,0.0,0.0,0.0,1,False,1
Pierluigi Martini,Italy,"[1984, 1985, 1988, 1989, 1990, 1991, 1992, 1993, 1994, 1995]",0.0,124.0,118.0,0.0,0.0,0.0,0.0,18.0,False,,1990,0.0,0.9516129032258064,0.0,0.0,0.0,0.1451612903225806,10,False,1
Jochen Mass,West Germany,"[1973, 1974, 1975, 1976, 1977, 1978, 1979, 1980, 1982]",0.0,114.0,105.0,0.0,1.0,8.0,2.0,71.0,False,,1980,0.0,0.9210526315789472,0.0087719298245614,0.0701754385964912,0.0175438596491228,0.6228070175438597,9,False,0
Felipe Massa,Brazil,"[2002, 2004, 2005, 2006, 2007, 2008, 2009, 2010, 2011, 2012, 2013, 2014, 2015, 2016, 2017]",0.0,272.0,269.0,16.0,11.0,41.0,15.0,1167.0,False,,2010,0.0588235294117647,0.9889705882352942,0.0404411764705882,0.150735294117647,0.0551470588235294,4.290441176470588,15,False,0
Cristiano da Matta,Brazil,"[2003, 2004]",0.0,28.0,28.0,0.0,0.0,0.0,0.0,13.0,False,,2000,0.0,1.0,0.0,0.0,0.0,0.4642857142857143,2,False,1
Michael May,Switzerland,[1961],0.0,3.0,2.0,0.0,0.0,0.0,0.0,0.0,False,,1960,0.0,0.6666666666666666,0.0,0.0,0.0,0.0,1,False,1
Timmy Mayer,United States,[1962],0.0,1.0,1.0,0.0,0.0,0.0,0.0,0.0,False,,1960,0.0,1.0,0.0,0.0,0.0,0.0,1,False,1
Nikita Mazepin,RAF,[2021],0.0,22.0,21.0,0.0,0.0,0.0,0.0,0.0,False,,2020,0.0,0.9545454545454546,0.0,0.0,0.0,0.0,1,False,1
François Mazet,France,[1971],0.0,1.0,1.0,0.0,0.0,0.0,0.0,0.0,False,,1970,0.0,1.0,0.0,0.0,0.0,0.0,1,False,1
Gastón Mazzacane,Argentina,"[2000, 2001]",0.0,21.0,21.0,0.0,0.0,0.0,0.0,0.0,False,,2000,0.0,1.0,0.0,0.0,0.0,0.0,2,False,1
Kenneth McAlpine,United Kingdom,"[1952, 1953, 1955]",0.0,7.0,7.0,0.0,0.0,0.0,0.0,0.0,False,,1950,0.0,1.0,0.0,0.0,0.0,0.0,3,False,1
Perry McCarthy,United Kingdom,[1992],0.0,11.0,0.0,0.0,0.0,0.0,0.0,0.0,False,,1990,0.0,0.0,0.0,0.0,0.0,0.0,1,False,1
Ernie McCoy,United States,"[1953, 1954]",0.0,3.0,1.0,0.0,0.0,0.0,0.0,0.0,False,,1950,0.0,0.3333333333333333,0.0,0.0,0.0,0.0,2,False,1
Johnny McDowell,United States,"[1950, 1951, 1952]",0.0,3.0,3.0,0.0,0.0,0.0,0.0,0.0,False,,1950,0.0,1.0,0.0,0.0,0.0,0.0,3,False,1
Jack McGrath,United States,"[1950, 1951, 1952, 1953, 1954, 1955]",0.0,6.0,6.0,1.0,0.0,2.0,1.0,9.0,False,,1950,0.1666666666666666,1.0,0.0,0.3333333333333333,0.1666666666666666,1.5,6,False,0
Brian McGuire,Australia,[1977],0.0,2.0,0.0,0.0,0.0,0.0,0.0,0.0,False,,1980,0.0,0.0,0.0,0.0,0.0,0.0,1,False,1
Bruce McLaren,New Zealand,"[1958, 1959, 1960, 1961, 1962, 1963, 1964, 1965, 1966, 1967, 1968, 1969, 1970]",0.0,104.0,100.0,0.0,4.0,27.0,3.0,188.5,False,,1960,0.0,0.9615384615384616,0.0384615384615384,0.2596153846153846,0.0288461538461538,1.8125,13,False,0
Allan McNish,United Kingdom,[2002],0.0,17.0,16.0,0.0,0.0,0.0,0.0,0.0,False,,2000,0.0,0.9411764705882352,0.0,0.0,0.0,0.0,1,False,1
Graham McRae,New Zealand,[1973],0.0,1.0,1.0,0.0,0.0,0.0,0.0,0.0,False,,1970,0.0,1.0,0.0,0.0,0.0,0.0,1,False,1
Jim McWithey,United States,"[1959, 1960]",0.0,5.0,2.0,0.0,0.0,0.0,0.0,0.0,False,,1960,0.0,0.4,0.0,0.0,0.0,0.0,2,False,1
Carlos Menditeguy,Argentina,"[1953, 1954, 1955, 1956, 1957, 1958, 1960]",0.0,11.0,10.0,0.0,0.0,1.0,0.0,9.0,False,,1960,0.0,0.9090909090909092,0.0,0.0909090909090909,0.0,0.8181818181818182,7,False,1
Roberto Merhi,Spain,[2015],0.0,14.0,13.0,0.0,0.0,0.0,0.0,0.0,False,,2020,0.0,0.9285714285714286,0.0,0.0,0.0,0.0,1,False,1
Harry Merkel,West Germany,[1952],0.0,1.0,0.0,0.0,0.0,0.0,0.0,0.0,False,,1950,0.0,0.0,0.0,0.0,0.0,0.0,1,False,1
Arturo Merzario,Italy,"[1972, 1973, 1974, 1975, 1976, 1977, 1978, 1979]",0.0,85.0,57.0,0.0,0.0,0.0,0.0,11.0,False,,1980,0.0,0.6705882352941176,0.0,0.0,0.0,0.1294117647058823,8,False,1
Roberto Mieres,Argentina,"[1953, 1954, 1955]",0.0,17.0,17.0,0.0,0.0,0.0,1.0,13.0,False,,1950,0.0,1.0,0.0,0.0,0.0588235294117647,0.7647058823529411,3,False,1
François Migault,France,"[1972, 1974, 1975]",0.0,16.0,13.0,0.0,0.0,0.0,0.0,0.0,False,,1970,0.0,0.8125,0.0,0.0,0.0,0.0,3,False,1
John Miles,United Kingdom,"[1969, 1970]",0.0,15.0,12.0,0.0,0.0,0.0,0.0,2.0,False,,1970,0.0,0.8,0.0,0.0,0.0,0.1333333333333333,2,False,1
Ken Miles,United Kingdom,[1961],0.0,1.0,0.0,0.0,0.0,0.0,0.0,0.0,False,,1960,0.0,0.0,0.0,0.0,0.0,0.0,1,False,1
André Milhoux,Belgium,[1956],0.0,1.0,1.0,0.0,0.0,0.0,0.0,0.0,False,,1960,0.0,1.0,0.0,0.0,0.0,0.0,1,False,1
Chet Miller,United States,"[1951, 1952]",0.0,4.0,2.0,0.0,0.0,0.0,0.0,0.0,False,,1950,0.0,0.5,0.0,0.0,0.0,0.0,2,False,1
Gerhard Mitter,West Germany,"[1963, 1964, 1965]",0.0,7.0,5.0,0.0,0.0,0.0,0.0,3.0,False,,1960,0.0,0.7142857142857143,0.0,0.0,0.0,0.4285714285714285,3,False,1
Stefano Modena,Italy,"[1987, 1988, 1989, 1990, 1991, 1992]",0.0,81.0,70.0,0.0,0.0,2.0,0.0,17.0,False,,1990,0.0,0.8641975308641975,0.0,0.0246913580246913,0.0,0.2098765432098765,6,False,1
Thomas Monarch,United States,[1963],0.0,1.0,0.0,0.0,0.0,0.0,0.0,0.0,False,,1960,0.0,0.0,0.0,0.0,0.0,0.0,1,False,1
Franck Montagny,France,[2006],0.0,7.0,7.0,0.0,0.0,0.0,0.0,0.0,False,,2010,0.0,1.0,0.0,0.0,0.0,0.0,1,False,1
Tiago Monteiro,Portugal,"[2005, 2006]",0.0,37.0,37.0,0.0,0.0,1.0,0.0,7.0,False,,2010,0.0,1.0,0.0,0.027027027027027,0.0,0.1891891891891892,2,False,1
Andrea Montermini,Italy,"[1994, 1995, 1996]",0.0,29.0,19.0,0.0,0.0,0.0,0.0,0.0,False,,2000,0.0,0.6551724137931034,0.0,0.0,0.0,0.0,3,False,1
Peter Monteverdi,Switzerland,[1961],0.0,1.0,0.0,0.0,0.0,0.0,0.0,0.0,False,,1960,0.0,0.0,0.0,0.0,0.0,0.0,1,False,1
Robin Montgomerie-Charrington,United Kingdom,[1952],0.0,1.0,1.0,0.0,0.0,0.0,0.0,0.0,False,,1950,0.0,1.0,0.0,0.0,0.0,0.0,1,False,1
Juan Pablo Montoya,Colombia,"[2001, 2002, 2003, 2004, 2005, 2006]",0.0,95.0,94.0,13.0,7.0,30.0,12.0,307.0,False,,2000,0.1368421052631579,0.9894736842105264,0.0736842105263157,0.3157894736842105,0.1263157894736842,3.231578947368421,6,False,0
Gianni Morbidelli,Italy,"[1990, 1991, 1992, 1994, 1995, 1997]",0.0,70.0,67.0,0.0,0.0,1.0,0.0,8.5,False,,1990,0.0,0.9571428571428572,0.0,0.0142857142857142,0.0,0.1214285714285714,6,False,1
Roberto Moreno,Brazil,"[1982, 1987, 1989, 1990, 1991, 1992, 1995]",0.0,77.0,41.0,0.0,0.0,1.0,1.0,15.0,False,,1990,0.0,0.5324675324675324,0.0,0.0129870129870129,0.0129870129870129,0.1948051948051948,7,False,1
Dave Morgan,United Kingdom,[1975],0.0,1.0,1.0,0.0,0.0,0.0,0.0,0.0,False,,1980,0.0,1.0,0.0,0.0,0.0,0.0,1,False,1
Silvio Moser,Switzerland,"[1967, 1968, 1969, 1970, 1971]",0.0,20.0,12.0,0.0,0.0,0.0,0.0,3.0,False,,1970,0.0,0.6,0.0,0.0,0.0,0.15,5,False,1
Bill Moss,United Kingdom,[1959],0.0,1.0,0.0,0.0,0.0,0.0,0.0,0.0,False,,1960,0.0,0.0,0.0,0.0,0.0,0.0,1,False,1
Stirling Moss,United Kingdom,"[1951, 1952, 1953, 1954, 1955, 1956, 1957, 1958, 1959, 1960, 1961]",0.0,67.0,66.0,16.0,16.0,24.0,19.0,185.64,False,,1960,0.2388059701492537,0.9850746268656716,0.2388059701492537,0.3582089552238806,0.2835820895522388,2.7707462686567164,11,False,0
Gino Munaron,Italy,[1960],0.0,4.0,4.0,0.0,0.0,0.0,0.0,0.0,False,,1960,0.0,1.0,0.0,0.0,0.0,0.0,1,False,1
David Murray,United Kingdom,"[1950, 1951, 1952]",0.0,5.0,4.0,0.0,0.0,0.0,0.0,0.0,False,,1950,0.0,0.8,0.0,0.0,0.0,0.0,3,False,1
Luigi Musso,Italy,"[1953, 1954, 1955, 1956, 1957, 1958]",0.0,25.0,24.0,0.0,1.0,7.0,1.0,44.0,False,,1960,0.0,0.96,0.04,0.28,0.04,1.76,6,False,1
Kazuki Nakajima,Japan,"[2007, 2008, 2009]",0.0,36.0,36.0,0.0,0.0,0.0,0.0,9.0,False,,2010,0.0,1.0,0.0,0.0,0.0,0.25,3,False,1
Satoru Nakajima,Japan,"[1987, 1988, 1989, 1990, 1991]",0.0,80.0,74.0,0.0,0.0,0.0,1.0,16.0,False,,1990,0.0,0.925,0.0,0.0,0.0125,0.2,5,False,1
Shinji Nakano,Japan,"[1997, 1998]",0.0,33.0,33.0,0.0,0.0,0.0,0.0,2.0,False,,2000,0.0,1.0,0.0,0.0,0.0,0.0606060606060606,2,False,1
Duke Nalon,United States,"[1951, 1952, 1953]",0.0,5.0,3.0,1.0,0.0,0.0,0.0,0.0,False,,1950,0.2,0.6,0.0,0.0,0.0,0.0,3,False,1
Alessandro Nannini,Italy,"[1986, 1987, 1988, 1989, 1990]",0.0,78.0,76.0,0.0,1.0,9.0,2.0,65.0,False,,1990,0.0,0.9743589743589745,0.0128205128205128,0.1153846153846153,0.0256410256410256,0.8333333333333334,5,False,1
Emanuele Naspetti,Italy,"[1992, 1993]",0.0,6.0,6.0,0.0,0.0,0.0,0.0,0.0,False,,1990,0.0,1.0,0.0,0.0,0.0,0.0,2,False,1
Felipe Nasr,Brazil,"[2015, 2016]",0.0,40.0,39.0,0.0,0.0,0.0,0.0,29.0,False,,2020,0.0,0.975,0.0,0.0,0.0,0.725,2,False,1
Massimo Natili,Italy,[1961],0.0,2.0,1.0,0.0,0.0,0.0,0.0,0.0,False,,1960,0.0,0.5,0.0,0.0,0.0,0.0,1,False,1
Brian Naylor,United Kingdom,"[1957, 1958, 1959, 1960, 1961]",0.0,8.0,7.0,0.0,0.0,0.0,0.0,0.0,False,,1960,0.0,0.875,0.0,0.0,0.0,0.0,5,False,1
Mike Nazaruk,United States,"[1951, 1953, 1954]",0.0,4.0,3.0,0.0,0.0,1.0,0.0,8.0,False,,1950,0.0,0.75,0.0,0.25,0.0,2.0,3,False,1
Tiff Needell,United Kingdom,[1980],0.0,2.0,1.0,0.0,0.0,0.0,0.0,0.0,False,,1980,0.0,0.5,0.0,0.0,0.0,0.0,1,False,1
Jac Nellemann,Denmark,[1976],0.0,1.0,0.0,0.0,0.0,0.0,0.0,0.0,False,,1980,0.0,0.0,0.0,0.0,0.0,0.0,1,False,1
Patrick Nève,Belgium,"[1976, 1977, 1978]",0.0,14.0,10.0,0.0,0.0,0.0,0.0,0.0,False,,1980,0.0,0.7142857142857143,0.0,0.0,0.0,0.0,3,False,1
John Nicholson,New Zealand,"[1974, 1975]",0.0,2.0,1.0,0.0,0.0,0.0,0.0,0.0,False,,1970,0.0,0.5,0.0,0.0,0.0,0.0,2,False,1
Cal Niday,United States,"[1953, 1954, 1955]",0.0,3.0,3.0,0.0,0.0,0.0,0.0,0.0,False,,1950,0.0,1.0,0.0,0.0,0.0,0.0,3,False,1
Helmut Niedermayr,West Germany,[1952],0.0,1.0,1.0,0.0,0.0,0.0,0.0,0.0,False,,1950,0.0,1.0,0.0,0.0,0.0,0.0,1,False,1
Brausch Niemann,South Africa,"[1963, 1965]",0.0,2.0,1.0,0.0,0.0,0.0,0.0,0.0,False,,1960,0.0,0.5,0.0,0.0,0.0,0.0,2,False,1
Gunnar Nilsson,Sweden,"[1976, 1977]",0.0,32.0,31.0,0.0,1.0,4.0,1.0,31.0,False,,1980,0.0,0.96875,0.03125,0.125,0.03125,0.96875,2,False,1
Hideki Noda,Japan,[1994],0.0,3.0,3.0,0.0,0.0,0.0,0.0,0.0,False,,1990,0.0,1.0,0.0,0.0,0.0,0.0,1,False,1
Lando Norris,United Kingdom,"[2019, 2020, 2021, 2022]",0.0,83.0,83.0,1.0,0.0,6.0,5.0,428.0,True,,2020,0.0120481927710843,1.0,0.0,0.072289156626506,0.0602409638554216,5.156626506024097,4,False,0
Rodney Nuckey,United Kingdom,[1953],0.0,2.0,1.0,0.0,0.0,0.0,0.0,0.0,False,,1950,0.0,0.5,0.0,0.0,0.0,0.0,1,False,1
Robert O'Brien,United States,[1952],0.0,1.0,1.0,0.0,0.0,0.0,0.0,0.0,False,,1950,0.0,1.0,0.0,0.0,0.0,0.0,1,False,1
Esteban Ocon,France,"[2016, 2017, 2018, 2020, 2021, 2022]",0.0,112.0,112.0,0.0,1.0,2.0,0.0,364.0,True,,2020,0.0,1.0,0.0089285714285714,0.0178571428571428,0.0,3.25,6,False,0
Pat O'Connor,United States,"[1954, 1955, 1956, 1957, 1958]",0.0,6.0,5.0,1.0,0.0,0.0,0.0,0.0,False,,1960,0.1666666666666666,0.8333333333333334,0.0,0.0,0.0,0.0,5,False,1
Casimiro de Oliveira,Portugal,[1958],0.0,1.0,0.0,0.0,0.0,0.0,0.0,0.0,False,,1960,0.0,0.0,0.0,0.0,0.0,0.0,1,False,1
Jackie Oliver,United Kingdom,"[1968, 1969, 1970, 1971, 1972, 1973, 1977]",0.0,52.0,50.0,0.0,0.0,2.0,1.0,13.0,False,,1970,0.0,0.9615384615384616,0.0,0.0384615384615384,0.0192307692307692,0.25,7,False,1
Danny Ongais,United States,"[1977, 1978]",0.0,6.0,4.0,0.0,0.0,0.0,0.0,0.0,False,,1980,0.0,0.6666666666666666,0.0,0.0,0.0,0.0,2,False,1
Rikky von Opel,Liechtenstein,"[1973, 1974]",0.0,14.0,10.0,0.0,0.0,0.0,0.0,0.0,False,,1970,0.0,0.7142857142857143,0.0,0.0,0.0,0.0,2,False,1
Karl Oppitzhauser,Austria,[1976],0.0,1.0,0.0,0.0,0.0,0.0,0.0,0.0,False,,1980,0.0,0.0,0.0,0.0,0.0,0.0,1,False,1
Fritz d'Orey,Brazil,[1959],0.0,3.0,3.0,0.0,0.0,0.0,0.0,0.0,False,,1960,0.0,1.0,0.0,0.0,0.0,0.0,1,False,1
Arthur Owen,United Kingdom,[1960],0.0,1.0,1.0,0.0,0.0,0.0,0.0,0.0,False,,1960,0.0,1.0,0.0,0.0,0.0,0.0,1,False,1
Carlos Pace,Brazil,"[1972, 1973, 1974, 1975, 1976, 1977]",0.0,73.0,72.0,1.0,1.0,6.0,5.0,58.0,False,,1970,0.0136986301369863,0.9863013698630136,0.0136986301369863,0.0821917808219178,0.0684931506849315,0.7945205479452054,6,False,1
Nello Pagani,Italy,[1950],0.0,1.0,1.0,0.0,0.0,0.0,0.0,0.0,False,,1950,0.0,1.0,0.0,0.0,0.0,0.0,1,False,1
Riccardo Paletti,Italy,[1982],0.0,8.0,2.0,0.0,0.0,0.0,0.0,0.0,False,,1980,0.0,0.25,0.0,0.0,0.0,0.0,1,False,1
Torsten Palm,Sweden,[1975],0.0,2.0,1.0,0.0,0.0,0.0,0.0,0.0,False,,1980,0.0,0.5,0.0,0.0,0.0,0.0,1,False,1
Jolyon Palmer,United Kingdom,"[2016, 2017]",0.0,37.0,35.0,0.0,0.0,0.0,0.0,9.0,False,,2020,0.0,0.945945945945946,0.0,0.0,0.0,0.2432432432432432,2,False,1
Jonathan Palmer,United Kingdom,"[1983, 1984, 1985, 1986, 1987, 1988, 1989]",0.0,88.0,83.0,0.0,0.0,0.0,1.0,14.0,False,,1990,0.0,0.9431818181818182,0.0,0.0,0.0113636363636363,0.1590909090909091,7,False,1
Olivier Panis,France,"[1994, 1995, 1996, 1997, 1998, 1999, 2001, 2002, 2003, 2004]",0.0,158.0,157.0,0.0,1.0,5.0,0.0,76.0,False,,2000,0.0,0.9936708860759492,0.0063291139240506,0.0316455696202531,0.0,0.4810126582278481,10,False,0
Giorgio Pantano,Italy,[2004],0.0,15.0,14.0,0.0,0.0,0.0,0.0,0.0,False,,2000,0.0,0.9333333333333332,0.0,0.0,0.0,0.0,1,False,1
Massimiliano Papis,Italy,[1995],0.0,7.0,7.0,0.0,0.0,0.0,0.0,0.0,False,,2000,0.0,1.0,0.0,0.0,0.0,0.0,1,False,1
Mike Parkes,United Kingdom,"[1959, 1966, 1967]",0.0,7.0,6.0,1.0,0.0,2.0,0.0,14.0,False,,1960,0.1428571428571428,0.8571428571428571,0.0,0.2857142857142857,0.0,2.0,3,False,1
Reg Parnell,United Kingdom,"[1950, 1951, 1952, 1954]",0.0,7.0,6.0,0.0,0.0,1.0,0.0,9.0,False,,1950,0.0,0.8571428571428571,0.0,0.1428571428571428,0.0,1.2857142857142858,4,False,1
Tim Parnell,United Kingdom,"[1959, 1961, 1963]",0.0,4.0,2.0,0.0,0.0,0.0,0.0,0.0,False,,1960,0.0,0.5,0.0,0.0,0.0,0.0,3,False,1
Johnnie Parsons,United States,"[1950, 1951, 1952, 1953, 1954, 1955, 1956, 1957, 1958]",0.0,9.0,9.0,0.0,1.0,1.0,1.0,12.0,False,,1950,0.0,1.0,0.1111111111111111,0.1111111111111111,0.1111111111111111,1.3333333333333333,9,False,1
Riccardo Patrese,Italy,"[1977, 1978, 1979, 1980, 1981, 1982, 1983, 1984, 1985, 1986, 1987, 1988, 1989, 1990, 1991, 1992, 1993]",0.0,257.0,256.0,8.0,6.0,37.0,13.0,281.0,False,,1980,0.0311284046692607,0.9961089494163424,0.0233463035019455,0.1439688715953307,0.0505836575875486,1.093385214007782,17,False,0
Al Pease,Canada,"[1967, 1968, 1969]",0.0,3.0,2.0,0.0,0.0,0.0,0.0,0.0,False,,1970,0.0,0.6666666666666666,0.0,0.0,0.0,0.0,3,False,1
Roger Penske,United States,"[1961, 1962]",0.0,2.0,2.0,0.0,0.0,0.0,0.0,0.0,False,,1960,0.0,1.0,0.0,0.0,0.0,0.0,2,False,1
Cesare Perdisa,Italy,"[1955, 1956, 1957]",0.0,8.0,8.0,0.0,0.0,2.0,0.0,5.0,False,,1960,0.0,1.0,0.0,0.25,0.0,0.625,3,False,1
Sergio Pérez,Mexico,"[2011, 2012, 2013, 2014, 2015, 2016, 2017, 2018, 2019, 2020, 2021, 2022]",0.0,240.0,236.0,1.0,4.0,27.0,9.0,1219.0,True,,2020,0.0041666666666666,0.9833333333333332,0.0166666666666666,0.1125,0.0375,5.079166666666667,12,False,0
Luis Pérez-Sala,Spain,"[1988, 1989]",0.0,32.0,26.0,0.0,0.0,0.0,0.0,1.0,False,,1990,0.0,0.8125,0.0,0.0,0.0,0.03125,2,False,1
Larry Perkins,Australia,"[1974, 1976, 1977]",0.0,15.0,11.0,0.0,0.0,0.0,0.0,0.0,False,,1980,0.0,0.7333333333333333,0.0,0.0,0.0,0.0,3,False,1
Henri Pescarolo,France,"[1968, 1970, 1971, 1972, 1973, 1974, 1976]",0.0,64.0,57.0,0.0,0.0,1.0,1.0,12.0,False,,1970,0.0,0.890625,0.0,0.015625,0.015625,0.1875,7,False,1
Alessandro Pesenti-Rossi,Italy,[1976],0.0,4.0,3.0,0.0,0.0,0.0,0.0,0.0,False,,1980,0.0,0.75,0.0,0.0,0.0,0.0,1,False,1
Josef Peters,West Germany,[1952],0.0,1.0,1.0,0.0,0.0,0.0,0.0,0.0,False,,1950,0.0,1.0,0.0,0.0,0.0,0.0,1,False,1
Ronnie Peterson,Sweden,"[1970, 1971, 1972, 1973, 1974, 1975, 1976, 1977, 1978]",0.0,123.0,123.0,14.0,10.0,26.0,9.0,206.0,False,,1970,0.1138211382113821,1.0,0.08130081300813,0.2113821138211382,0.073170731707317,1.6747967479674797,9,False,0
Vitaly Petrov,Russia,"[2010, 2011, 2012]",0.0,58.0,57.0,0.0,0.0,1.0,1.0,64.0,False,,2010,0.0,0.9827586206896552,0.0,0.0172413793103448,0.0172413793103448,1.103448275862069,3,False,1
Alfredo Pián,Argentina,[1950],0.0,1.0,0.0,0.0,0.0,0.0,0.0,0.0,False,,1950,0.0,0.0,0.0,0.0,0.0,0.0,1,False,1
Oscar Piastri,Australia,[2023],0.0,1.0,1.0,0.0,0.0,0.0,0.0,0.0,True,,2020,0.0,1.0,0.0,0.0,0.0,0.0,1,False,1
Charles Pic,France,"[2012, 2013]",0.0,39.0,39.0,0.0,0.0,0.0,0.0,0.0,False,,2010,0.0,1.0,0.0,0.0,0.0,0.0,2,False,1
François Picard,France,[1958],0.0,1.0,1.0,0.0,0.0,0.0,0.0,0.0,False,,1960,0.0,1.0,0.0,0.0,0.0,0.0,1,False,1
Ernie Pieterse,South Africa,"[1962, 1963, 1965]",0.0,3.0,2.0,0.0,0.0,0.0,0.0,0.0,False,,1960,0.0,0.6666666666666666,0.0,0.0,0.0,0.0,3,False,1
Paul Pietsch,West Germany,"[1950, 1951, 1952]",0.0,3.0,3.0,0.0,0.0,0.0,0.0,0.0,False,,1950,0.0,1.0,0.0,0.0,0.0,0.0,3,False,1
André Pilette,Belgium,"[1951, 1953, 1954, 1956, 1961, 1963, 1964]",0.0,14.0,9.0,0.0,0.0,0.0,0.0,2.0,False,,1960,0.0,0.6428571428571429,0.0,0.0,0.0,0.1428571428571428,7,False,1
Teddy Pilette,Belgium,"[1974, 1977]",0.0,4.0,1.0,0.0,0.0,0.0,0.0,0.0,False,,1980,0.0,0.25,0.0,0.0,0.0,0.0,2,False,1
Luigi Piotti,Italy,"[1955, 1956, 1957, 1958]",0.0,8.0,5.0,0.0,0.0,0.0,0.0,0.0,False,,1960,0.0,0.625,0.0,0.0,0.0,0.0,4,False,1
David Piper,United Kingdom,"[1959, 1960]",0.0,3.0,2.0,0.0,0.0,0.0,0.0,0.0,False,,1960,0.0,0.6666666666666666,0.0,0.0,0.0,0.0,2,False,1
Nelson Piquet,Brazil,"[1978, 1979, 1980, 1981, 1982, 1983, 1984, 1985, 1986, 1987, 1988, 1989, 1990, 1991]",3.0,207.0,204.0,24.0,23.0,60.0,23.0,481.5,False,"[1981, 1983, 1987]",1980,0.1159420289855072,0.9855072463768116,0.1111111111111111,0.2898550724637681,0.1111111111111111,2.3260869565217392,14,True,2
Nelson Piquet Jr.,Brazil,"[2008, 2009]",0.0,28.0,28.0,0.0,0.0,1.0,0.0,19.0,False,,2010,0.0,1.0,0.0,0.0357142857142857,0.0,0.6785714285714286,2,False,1
Renato Pirocchi,Italy,[1961],0.0,1.0,1.0,0.0,0.0,0.0,0.0,0.0,False,,1960,0.0,1.0,0.0,0.0,0.0,0.0,1,False,1
Didier Pironi,France,"[1978, 1979, 1980, 1981, 1982]",0.0,72.0,70.0,4.0,3.0,13.0,5.0,101.0,False,,1980,0.0555555555555555,0.9722222222222222,0.0416666666666666,0.1805555555555555,0.0694444444444444,1.4027777777777777,5,False,0
Emanuele Pirro,Italy,"[1989, 1990, 1991]",0.0,40.0,37.0,0.0,0.0,0.0,0.0,3.0,False,,1990,0.0,0.925,0.0,0.0,0.0,0.075,3,False,1
Antônio Pizzonia,Brazil,"[2003, 2004, 2005]",0.0,20.0,20.0,0.0,0.0,0.0,0.0,8.0,False,,2000,0.0,1.0,0.0,0.0,0.0,0.4,3,False,1
Eric van de Poele,Belgium,"[1991, 1992]",0.0,29.0,5.0,0.0,0.0,0.0,0.0,0.0,False,,1990,0.0,0.1724137931034483,0.0,0.0,0.0,0.0,2,False,1
Jacques Pollet,France,"[1954, 1955]",0.0,5.0,5.0,0.0,0.0,0.0,0.0,0.0,False,,1950,0.0,1.0,0.0,0.0,0.0,0.0,2,False,1
Ben Pon,Netherlands,[1962],0.0,1.0,1.0,0.0,0.0,0.0,0.0,0.0,False,,1960,0.0,1.0,0.0,0.0,0.0,0.0,1,False,1
Dennis Poore,United Kingdom,[1952],0.0,2.0,2.0,0.0,0.0,0.0,0.0,3.0,False,,1950,0.0,1.0,0.0,0.0,0.0,1.5,1,False,1
Alfonso de Portago,Spain,"[1956, 1957]",0.0,5.0,5.0,0.0,0.0,1.0,0.0,4.0,False,,1960,0.0,1.0,0.0,0.2,0.0,0.8,2,False,1
Sam Posey,United States,"[1971, 1972]",0.0,2.0,2.0,0.0,0.0,0.0,0.0,0.0,False,,1970,0.0,1.0,0.0,0.0,0.0,0.0,2,False,1
Charles Pozzi,France,[1950],0.0,1.0,1.0,0.0,0.0,0.0,0.0,0.0,False,,1950,0.0,1.0,0.0,0.0,0.0,0.0,1,False,1
Jackie Pretorius,South Africa,"[1965, 1968, 1971, 1973]",0.0,4.0,3.0,0.0,0.0,0.0,0.0,0.0,False,,1970,0.0,0.75,0.0,0.0,0.0,0.0,4,False,1
Ernesto Prinoth,Italy,[1962],0.0,1.0,0.0,0.0,0.0,0.0,0.0,0.0,False,,1960,0.0,0.0,0.0,0.0,0.0,0.0,1,False,1
David Prophet,United Kingdom,"[1963, 1965]",0.0,2.0,2.0,0.0,0.0,0.0,0.0,0.0,False,,1960,0.0,1.0,0.0,0.0,0.0,0.0,2,False,1
Alain Prost,France,"[1980, 1981, 1982, 1983, 1984, 1985, 1986, 1987, 1988, 1989, 1990, 1991, 1993]",4.0,202.0,199.0,33.0,51.0,106.0,41.0,768.5,False,"[1985, 1986, 1989, 1993]",1990,0.1633663366336633,0.9851485148514852,0.2524752475247525,0.5247524752475248,0.2029702970297029,3.8044554455445545,13,True,2
Tom Pryce,United Kingdom,"[1974, 1975, 1976, 1977]",0.0,42.0,42.0,1.0,0.0,2.0,0.0,19.0,False,,1980,0.0238095238095238,1.0,0.0,0.0476190476190476,0.0,0.4523809523809524,4,False,1
David Purley,United Kingdom,"[1973, 1974, 1977]",0.0,11.0,7.0,0.0,0.0,0.0,0.0,0.0,False,,1970,0.0,0.6363636363636364,0.0,0.0,0.0,0.0,3,False,1
Clive Puzey,Rhodesia,[1965],0.0,1.0,0.0,0.0,0.0,0.0,0.0,0.0,False,,1960,0.0,0.0,0.0,0.0,0.0,0.0,1,False,1
Dieter Quester,Austria,"[1969, 1974]",0.0,2.0,1.0,0.0,0.0,0.0,0.0,0.0,False,,1970,0.0,0.5,0.0,0.0,0.0,0.0,2,False,1
Ian Raby,United Kingdom,"[1963, 1964, 1965]",0.0,7.0,3.0,0.0,0.0,0.0,0.0,0.0,False,,1960,0.0,0.4285714285714285,0.0,0.0,0.0,0.0,3,False,1
Bobby Rahal,United States,[1978],0.0,2.0,2.0,0.0,0.0,0.0,0.0,0.0,False,,1980,0.0,1.0,0.0,0.0,0.0,0.0,1,False,1
Kimi Räikkönen,Finland,"[2001, 2002, 2003, 2004, 2005, 2006, 2007, 2008, 2009, 2012, 2013, 2014, 2015, 2016, 2017, 2018, 2019, 2020, 2021]",1.0,353.0,349.0,18.0,21.0,103.0,46.0,1873.0,False,[2007],2010,0.0509915014164305,0.9886685552407932,0.0594900849858356,0.291784702549575,0.1303116147308781,5.305949008498583,19,True,2
Hermano da Silva Ramos,Brazil,"[1955, 1956]",0.0,7.0,7.0,0.0,0.0,0.0,0.0,2.0,False,,1960,0.0,1.0,0.0,0.0,0.0,0.2857142857142857,2,False,1
Pierre-Henri Raphanel,France,"[1988, 1989]",0.0,17.0,1.0,0.0,0.0,0.0,0.0,0.0,False,,1990,0.0,0.0588235294117647,0.0,0.0,0.0,0.0,2,False,1
Dick Rathmann,United States,"[1950, 1956, 1958, 1959, 1960]",0.0,6.0,5.0,1.0,0.0,0.0,0.0,2.0,False,,1960,0.1666666666666666,0.8333333333333334,0.0,0.0,0.0,0.3333333333333333,5,False,1
Jim Rathmann,United States,"[1950, 1952, 1953, 1954, 1955, 1956, 1957, 1958, 1959, 1960]",0.0,10.0,10.0,0.0,1.0,4.0,2.0,29.0,False,,1960,0.0,1.0,0.1,0.4,0.2,2.9,10,False,0
Roland Ratzenberger,Austria,[1994],0.0,3.0,1.0,0.0,0.0,0.0,0.0,0.0,False,,1990,0.0,0.3333333333333333,0.0,0.0,0.0,0.0,1,False,1
Héctor Rebaque,Mexico,"[1977, 1978, 1979, 1980, 1981]",0.0,58.0,41.0,0.0,0.0,0.0,0.0,13.0,False,,1980,0.0,0.7068965517241379,0.0,0.0,0.0,0.2241379310344827,5,False,1
Brian Redman,United Kingdom,"[1968, 1970, 1971, 1972, 1973, 1974]",0.0,15.0,12.0,0.0,0.0,1.0,0.0,8.0,False,,1970,0.0,0.8,0.0,0.0666666666666666,0.0,0.5333333333333333,6,False,1
Jimmy Reece,United States,"[1952, 1954, 1955, 1956, 1957, 1958]",0.0,6.0,6.0,0.0,0.0,0.0,0.0,0.0,False,,1960,0.0,1.0,0.0,0.0,0.0,0.0,6,False,1
Ray Reed,Rhodesia,[1965],0.0,1.0,0.0,0.0,0.0,0.0,0.0,0.0,False,,1960,0.0,0.0,0.0,0.0,0.0,0.0,1,False,1
Alan Rees,United Kingdom,[1967],0.0,1.0,1.0,0.0,0.0,0.0,0.0,0.0,False,,1970,0.0,1.0,0.0,0.0,0.0,0.0,1,False,1
Clay Regazzoni,Switzerland,"[1970, 1971, 1972, 1973, 1974, 1975, 1976, 1977, 1978, 1979, 1980]",0.0,139.0,132.0,5.0,5.0,28.0,15.0,209.0,False,,1980,0.0359712230215827,0.9496402877697842,0.0359712230215827,0.2014388489208633,0.1079136690647482,1.5035971223021585,11,False,0
Paul di Resta,United Kingdom,"[2011, 2012, 2013, 2017]",0.0,59.0,59.0,0.0,0.0,0.0,0.0,121.0,False,,2010,0.0,1.0,0.0,0.0,0.0,2.0508474576271185,4,False,1
Carlos Reutemann,Argentina,"[1972, 1973, 1974, 1975, 1976, 1977, 1978, 1979, 1980, 1981, 1982]",0.0,146.0,146.0,6.0,12.0,45.0,6.0,298.0,False,,1980,0.0410958904109589,1.0,0.0821917808219178,0.3082191780821918,0.0410958904109589,2.041095890410959,11,False,0
Lance Reventlow,United States,[1960],0.0,4.0,1.0,0.0,0.0,0.0,0.0,0.0,False,,1960,0.0,0.25,0.0,0.0,0.0,0.0,1,False,1
Peter Revson,United States,"[1964, 1971, 1972, 1973, 1974]",0.0,32.0,30.0,1.0,2.0,8.0,0.0,61.0,False,,1970,0.03125,0.9375,0.0625,0.25,0.0,1.90625,5,False,1
John Rhodes,United Kingdom,[1965],0.0,1.0,1.0,0.0,0.0,0.0,0.0,0.0,False,,1960,0.0,1.0,0.0,0.0,0.0,0.0,1,False,1
Alex Ribeiro,Brazil,"[1976, 1977, 1979]",0.0,20.0,10.0,0.0,0.0,0.0,0.0,0.0,False,,1980,0.0,0.5,0.0,0.0,0.0,0.0,3,False,1
Daniel Ricciardo,Australia,"[2011, 2012, 2013, 2014, 2015, 2016, 2017, 2018, 2019, 2020, 2021, 2022]",0.0,232.0,232.0,3.0,8.0,32.0,16.0,1311.0,False,,2020,0.0129310344827586,1.0,0.0344827586206896,0.1379310344827586,0.0689655172413793,5.650862068965517,12,False,0
Ken Richardson,United Kingdom,[1951],0.0,1.0,0.0,0.0,0.0,0.0,0.0,0.0,False,,1950,0.0,0.0,0.0,0.0,0.0,0.0,1,False,1
Fritz Riess,West Germany,[1952],0.0,1.0,1.0,0.0,0.0,0.0,0.0,0.0,False,,1950,0.0,1.0,0.0,0.0,0.0,0.0,1,False,1
Jim Rigsby,United States,[1952],0.0,2.0,1.0,0.0,0.0,0.0,0.0,0.0,False,,1950,0.0,0.5,0.0,0.0,0.0,0.0,1,False,1
Jochen Rindt,Austria,"[1964, 1965, 1966, 1967, 1968, 1969, 1970]",1.0,62.0,60.0,10.0,6.0,13.0,3.0,107.0,False,[1970],1970,0.1612903225806451,0.967741935483871,0.0967741935483871,0.2096774193548387,0.0483870967741935,1.7258064516129032,7,True,0
John Riseley-Prichard,United Kingdom,[1954],0.0,1.0,1.0,0.0,0.0,0.0,0.0,0.0,False,,1950,0.0,1.0,0.0,0.0,0.0,0.0,1,False,1
Giovanni de Riu,Italy,[1954],0.0,1.0,0.0,0.0,0.0,0.0,0.0,0.0,False,,1950,0.0,0.0,0.0,0.0,0.0,0.0,1,False,1
Richard Robarts,United Kingdom,[1974],0.0,4.0,3.0,0.0,0.0,0.0,0.0,0.0,False,,1970,0.0,0.75,0.0,0.0,0.0,0.0,1,False,1
Pedro Rodríguez,Mexico,"[1963, 1964, 1965, 1966, 1967, 1968, 1969, 1970, 1971]",0.0,54.0,54.0,0.0,2.0,7.0,1.0,71.0,False,,1970,0.0,1.0,0.037037037037037,0.1296296296296296,0.0185185185185185,1.3148148148148149,9,False,1
Ricardo Rodríguez,Mexico,"[1961, 1962]",0.0,6.0,5.0,0.0,0.0,0.0,0.0,4.0,False,,1960,0.0,0.8333333333333334,0.0,0.0,0.0,0.6666666666666666,2,False,1
Alberto Rodriguez Larreta,Argentina,[1960],0.0,1.0,1.0,0.0,0.0,0.0,0.0,0.0,False,,1960,0.0,1.0,0.0,0.0,0.0,0.0,1,False,1
Franco Rol,Italy,"[1950, 1951, 1952]",0.0,5.0,5.0,0.0,0.0,0.0,0.0,0.0,False,,1950,0.0,1.0,0.0,0.0,0.0,0.0,3,False,1
Alan Rollinson,United Kingdom,[1965],0.0,1.0,0.0,0.0,0.0,0.0,0.0,0.0,False,,1960,0.0,0.0,0.0,0.0,0.0,0.0,1,False,1
Tony Rolt,United Kingdom,"[1950, 1953, 1955]",0.0,3.0,3.0,0.0,0.0,0.0,0.0,0.0,False,,1950,0.0,1.0,0.0,0.0,0.0,0.0,3,False,1
Bertil Roos,Sweden,[1974],0.0,1.0,1.0,0.0,0.0,0.0,0.0,0.0,False,,1970,0.0,1.0,0.0,0.0,0.0,0.0,1,False,1
Pedro de la Rosa,Spain,"[1999, 2000, 2001, 2002, 2005, 2006, 2010, 2011, 2012]",0.0,107.0,104.0,0.0,0.0,1.0,1.0,35.0,False,,2010,0.0,0.97196261682243,0.0,0.0093457943925233,0.0093457943925233,0.3271028037383177,9,False,1
Keke Rosberg,Finland,"[1978, 1979, 1980, 1981, 1982, 1983, 1984, 1985, 1986]",1.0,128.0,114.0,5.0,5.0,17.0,3.0,159.5,False,[1982],1980,0.0390625,0.890625,0.0390625,0.1328125,0.0234375,1.24609375,9,True,0
Nico Rosberg,Germany,"[2006, 2007, 2008, 2009, 2010, 2011, 2012, 2013, 2014, 2015, 2016]",1.0,206.0,206.0,30.0,23.0,57.0,20.0,1594.5,False,[2016],2010,0.145631067961165,1.0,0.1116504854368932,0.2766990291262136,0.0970873786407767,7.740291262135922,11,True,2
Mauri Rose,United States,"[1950, 1951]",0.0,2.0,2.0,0.0,0.0,1.0,0.0,4.0,False,,1950,0.0,1.0,0.0,0.5,0.0,2.0,2,False,1
Louis Rosier,France,"[1950, 1951, 1952, 1953, 1954, 1955, 1956]",0.0,38.0,38.0,0.0,0.0,2.0,0.0,18.0,False,,1950,0.0,1.0,0.0,0.0526315789473684,0.0,0.4736842105263157,7,False,1
Ricardo Rosset,Brazil,"[1996, 1997, 1998]",0.0,33.0,26.0,0.0,0.0,0.0,0.0,0.0,False,,2000,0.0,0.7878787878787878,0.0,0.0,0.0,0.0,3,False,1
Alexander Rossi,United States,[2015],0.0,7.0,5.0,0.0,0.0,0.0,0.0,0.0,False,,2020,0.0,0.7142857142857143,0.0,0.0,0.0,0.0,1,False,1
Huub Rothengatter,Netherlands,"[1984, 1985, 1986]",0.0,30.0,25.0,0.0,0.0,0.0,0.0,0.0,False,,1980,0.0,0.8333333333333334,0.0,0.0,0.0,0.0,3,False,1
Basil van Rooyen,South Africa,"[1968, 1969]",0.0,2.0,2.0,0.0,0.0,0.0,0.0,0.0,False,,1970,0.0,1.0,0.0,0.0,0.0,0.0,2,False,1
Lloyd Ruby,United States,"[1960, 1961]",0.0,2.0,2.0,0.0,0.0,0.0,0.0,0.0,False,,1960,0.0,1.0,0.0,0.0,0.0,0.0,2,False,1
Jean-Claude Rudaz,Switzerland,[1964],0.0,1.0,0.0,0.0,0.0,0.0,0.0,0.0,False,,1960,0.0,0.0,0.0,0.0,0.0,0.0,1,False,1
George Russell,United Kingdom,"[2019, 2020, 2021, 2022]",0.0,83.0,83.0,1.0,1.0,9.0,5.0,300.0,True,,2020,0.0120481927710843,1.0,0.0120481927710843,0.108433734939759,0.0602409638554216,3.614457831325301,4,False,0
Eddie Russo,United States,"[1955, 1956, 1957, 1960]",0.0,7.0,4.0,0.0,0.0,0.0,0.0,0.0,False,,1960,0.0,0.5714285714285714,0.0,0.0,0.0,0.0,4,False,1
Paul Russo,United States,"[1950, 1951, 1952, 1953, 1954, 1955, 1956, 1957, 1958, 1959, 1960]",0.0,11.0,8.0,0.0,0.0,1.0,1.0,8.5,False,,1960,0.0,0.7272727272727273,0.0,0.0909090909090909,0.0909090909090909,0.7727272727272727,11,False,1
Troy Ruttman,United States,"[1950, 1951, 1952, 1953, 1954, 1955, 1956, 1957, 1958, 1960]",0.0,12.0,8.0,0.0,1.0,1.0,0.0,9.5,False,,1950,0.0,0.6666666666666666,0.0833333333333333,0.0833333333333333,0.0,0.7916666666666666,10,False,1
Peter Ryan,Canada,[1961],0.0,1.0,1.0,0.0,0.0,0.0,0.0,0.0,False,,1960,0.0,1.0,0.0,0.0,0.0,0.0,1,False,1
Eddie Sachs,United States,"[1957, 1958, 1959, 1960]",0.0,7.0,4.0,1.0,0.0,0.0,0.0,0.0,False,,1960,0.1428571428571428,0.5714285714285714,0.0,0.0,0.0,0.0,4,False,1
Bob Said,United States,[1959],0.0,1.0,1.0,0.0,0.0,0.0,0.0,0.0,False,,1960,0.0,1.0,0.0,0.0,0.0,0.0,1,False,1
Carlos Sainz Jr.,Spain,"[2015, 2016, 2017, 2018, 2019, 2020, 2021, 2022]",0.0,164.0,163.0,3.0,1.0,15.0,3.0,794.5,True,,2020,0.0182926829268292,0.9939024390243902,0.0060975609756097,0.0914634146341463,0.0182926829268292,4.844512195121951,8,False,0
Eliseo Salazar,Chile,"[1981, 1982, 1983]",0.0,37.0,24.0,0.0,0.0,0.0,0.0,3.0,False,,1980,0.0,0.6486486486486487,0.0,0.0,0.0,0.081081081081081,3,False,1
Mika Salo,Finland,"[1994, 1995, 1996, 1997, 1998, 1999, 2000, 2002]",0.0,111.0,109.0,0.0,0.0,2.0,0.0,33.0,False,,2000,0.0,0.981981981981982,0.0,0.018018018018018,0.0,0.2972972972972973,8,False,1
Roy Salvadori,United Kingdom,"[1952, 1953, 1954, 1955, 1956, 1957, 1958, 1959, 1960, 1961, 1962]",0.0,50.0,47.0,0.0,0.0,2.0,0.0,19.0,False,,1960,0.0,0.94,0.0,0.04,0.0,0.38,11,False,1
Consalvo Sanesi,Italy,"[1950, 1951]",0.0,5.0,5.0,0.0,0.0,0.0,0.0,3.0,False,,1950,0.0,1.0,0.0,0.0,0.0,0.6,2,False,1
Stéphane Sarrazin,France,[1999],0.0,1.0,1.0,0.0,0.0,0.0,0.0,0.0,False,,2000,0.0,1.0,0.0,0.0,0.0,0.0,1,False,1
Logan Sargeant,United States,[2023],0.0,1.0,1.0,0.0,0.0,0.0,0.0,0.0,True,,2020,0.0,1.0,0.0,0.0,0.0,0.0,1,False,1
Takuma Sato,Japan,"[2002, 2003, 2004, 2005, 2006, 2007, 2008]",0.0,92.0,90.0,0.0,0.0,1.0,0.0,44.0,False,,2000,0.0,0.9782608695652174,0.0,0.0108695652173913,0.0,0.4782608695652174,7,False,1
Carl Scarborough,United States,"[1951, 1953]",0.0,2.0,2.0,0.0,0.0,0.0,0.0,0.0,False,,1950,0.0,1.0,0.0,0.0,0.0,0.0,2,False,1
Ludovico Scarfiotti,Italy,"[1963, 1964, 1965, 1966, 1967, 1968]",0.0,12.0,10.0,0.0,1.0,1.0,1.0,17.0,False,,1970,0.0,0.8333333333333334,0.0833333333333333,0.0833333333333333,0.0833333333333333,1.4166666666666667,6,False,1
Giorgio Scarlatti,Italy,"[1956, 1957, 1958, 1959, 1960, 1961]",0.0,15.0,12.0,0.0,0.0,0.0,0.0,1.0,False,,1960,0.0,0.8,0.0,0.0,0.0,0.0666666666666666,6,False,1
Ian Scheckter,South Africa,"[1974, 1975, 1976, 1977]",0.0,20.0,18.0,0.0,0.0,0.0,0.0,0.0,False,,1980,0.0,0.9,0.0,0.0,0.0,0.0,4,False,1
Jody Scheckter,South Africa,"[1972, 1973, 1974, 1975, 1976, 1977, 1978, 1979, 1980]",1.0,113.0,112.0,3.0,10.0,33.0,5.0,246.0,False,[1979],1980,0.0265486725663716,0.991150442477876,0.0884955752212389,0.2920353982300885,0.0442477876106194,2.1769911504424777,9,True,0
Harry Schell,United States,"[1950, 1951, 1952, 1953, 1954, 1955, 1956, 1957, 1958, 1959, 1960]",0.0,57.0,56.0,0.0,0.0,2.0,0.0,32.0,False,,1960,0.0,0.9824561403508772,0.0,0.0350877192982456,0.0,0.5614035087719298,11,False,1
Tim Schenken,Australia,"[1970, 1971, 1972, 1973, 1974]",0.0,36.0,34.0,0.0,0.0,1.0,0.0,7.0,False,,1970,0.0,0.9444444444444444,0.0,0.0277777777777777,0.0,0.1944444444444444,5,False,1
Albert Scherrer,Switzerland,[1953],0.0,1.0,1.0,0.0,0.0,0.0,0.0,0.0,False,,1950,0.0,1.0,0.0,0.0,0.0,0.0,1,False,1
Domenico Schiattarella,Italy,"[1994, 1995]",0.0,7.0,6.0,0.0,0.0,0.0,0.0,0.0,False,,1990,0.0,0.8571428571428571,0.0,0.0,0.0,0.0,2,False,1
Heinz Schiller,Switzerland,[1962],0.0,1.0,1.0,0.0,0.0,0.0,0.0,0.0,False,,1960,0.0,1.0,0.0,0.0,0.0,0.0,1,False,1
Bill Schindler,United States,"[1950, 1951, 1952]",0.0,3.0,3.0,0.0,0.0,0.0,0.0,0.0,False,,1950,0.0,1.0,0.0,0.0,0.0,0.0,3,False,1
Jean-Louis Schlesser,France,"[1983, 1988]",0.0,2.0,1.0,0.0,0.0,0.0,0.0,0.0,False,,1990,0.0,0.5,0.0,0.0,0.0,0.0,2,False,1
Jo Schlesser,France,[1968],0.0,3.0,3.0,0.0,0.0,0.0,0.0,0.0,False,,1970,0.0,1.0,0.0,0.0,0.0,0.0,1,False,1
Bernd Schneider,West Germany,"[1988, 1989, 1990]",0.0,34.0,9.0,0.0,0.0,0.0,0.0,0.0,False,,1990,0.0,0.2647058823529412,0.0,0.0,0.0,0.0,3,False,1
Rudolf Schoeller,Switzerland,[1952],0.0,1.0,1.0,0.0,0.0,0.0,0.0,0.0,False,,1950,0.0,1.0,0.0,0.0,0.0,0.0,1,False,1
Rob Schroeder,United States,[1962],0.0,1.0,1.0,0.0,0.0,0.0,0.0,0.0,False,,1960,0.0,1.0,0.0,0.0,0.0,0.0,1,False,1
Michael Schumacher,Germany,"[1991, 1992, 1993, 1994, 1995, 1996, 1997, 1998, 1999, 2000, 2001, 2002, 2003, 2004, 2005, 2006, 2010, 2011, 2012]",7.0,308.0,306.0,68.0,91.0,155.0,77.0,1566.0,False,"[1994, 1995, 2000, 2001, 2002, 2003, 2004]",2000,0.2207792207792207,0.9935064935064936,0.2954545454545454,0.5032467532467533,0.25,5.084415584415584,19,True,2
Mick Schumacher,Germany,"[2021, 2022]",0.0,44.0,43.0,0.0,0.0,0.0,0.0,12.0,False,,2020,0.0,0.9772727272727272,0.0,0.0,0.0,0.2727272727272727,2,False,1
Ralf Schumacher,Germany,"[1997, 1998, 1999, 2000, 2001, 2002, 2003, 2004, 2005, 2006, 2007]",0.0,181.0,180.0,6.0,6.0,27.0,8.0,329.0,False,,2000,0.0331491712707182,0.994475138121547,0.0331491712707182,0.149171270718232,0.0441988950276243,1.8176795580110496,11,False,0
Vern Schuppan,Australia,"[1972, 1974, 1975, 1977]",0.0,13.0,9.0,0.0,0.0,0.0,0.0,0.0,False,,1970,0.0,0.6923076923076923,0.0,0.0,0.0,0.0,4,False,1
Adolfo Schwelm Cruz,Argentina,[1953],0.0,1.0,1.0,0.0,0.0,0.0,0.0,0.0,False,,1950,0.0,1.0,0.0,0.0,0.0,0.0,1,False,1
Bob Scott,United States,"[1952, 1953, 1954]",0.0,3.0,3.0,0.0,0.0,0.0,0.0,0.0,False,,1950,0.0,1.0,0.0,0.0,0.0,0.0,3,False,1
Archie Scott Brown,United Kingdom,[1956],0.0,1.0,1.0,0.0,0.0,0.0,0.0,0.0,False,,1960,0.0,1.0,0.0,0.0,0.0,0.0,1,False,1
Piero Scotti,Italy,[1956],0.0,1.0,1.0,0.0,0.0,0.0,0.0,0.0,False,,1960,0.0,1.0,0.0,0.0,0.0,0.0,1,False,1
Wolfgang Seidel,West Germany,"[1953, 1958, 1960, 1961, 1962]",0.0,12.0,10.0,0.0,0.0,0.0,0.0,0.0,False,,1960,0.0,0.8333333333333334,0.0,0.0,0.0,0.0,5,False,1
Günther Seiffert,West Germany,[1962],0.0,1.0,0.0,0.0,0.0,0.0,0.0,0.0,False,,1960,0.0,0.0,0.0,0.0,0.0,0.0,1,False,1
Ayrton Senna,Brazil,"[1984, 1985, 1986, 1987, 1988, 1989, 1990, 1991, 1992, 1993, 1994]",3.0,162.0,161.0,65.0,41.0,80.0,19.0,610.0,False,"[1988, 1990, 1991]",1990,0.4012345679012346,0.9938271604938272,0.2530864197530864,0.4938271604938271,0.1172839506172839,3.765432098765432,11,True,2
Bruno Senna,Brazil,"[2010, 2011, 2012]",0.0,46.0,46.0,0.0,0.0,0.0,1.0,33.0,False,,2010,0.0,1.0,0.0,0.0,0.0217391304347826,0.717391304347826,3,False,1
Dorino Serafini,Italy,[1950],0.0,1.0,1.0,0.0,0.0,1.0,0.0,3.0,False,,1950,0.0,1.0,0.0,1.0,0.0,3.0,1,False,0
Chico Serra,Brazil,"[1981, 1982, 1983]",0.0,33.0,18.0,0.0,0.0,0.0,0.0,1.0,False,,1980,0.0,0.5454545454545454,0.0,0.0,0.0,0.0303030303030303,3,False,1
Doug Serrurier,South Africa,"[1962, 1963, 1965]",0.0,3.0,2.0,0.0,0.0,0.0,0.0,0.0,False,,1960,0.0,0.6666666666666666,0.0,0.0,0.0,0.0,3,False,1
Johnny Servoz-Gavin,France,"[1967, 1968, 1969, 1970]",0.0,13.0,12.0,0.0,0.0,1.0,0.0,9.0,False,,1970,0.0,0.9230769230769232,0.0,0.0769230769230769,0.0,0.6923076923076923,4,False,1
Tony Settember,United States,"[1962, 1963]",0.0,7.0,6.0,0.0,0.0,0.0,0.0,0.0,False,,1960,0.0,0.8571428571428571,0.0,0.0,0.0,0.0,2,False,1
Hap Sharp,United States,"[1961, 1962, 1963, 1964]",0.0,6.0,6.0,0.0,0.0,0.0,0.0,0.0,False,,1960,0.0,1.0,0.0,0.0,0.0,0.0,4,False,1
Brian Shawe-Taylor,United Kingdom,"[1950, 1951]",0.0,3.0,2.0,0.0,0.0,0.0,0.0,0.0,False,,1950,0.0,0.6666666666666666,0.0,0.0,0.0,0.0,2,False,1
Carroll Shelby,United States,"[1958, 1959]",0.0,8.0,8.0,0.0,0.0,0.0,0.0,0.0,False,,1960,0.0,1.0,0.0,0.0,0.0,0.0,2,False,1
Tony Shelly,New Zealand,[1962],0.0,3.0,1.0,0.0,0.0,0.0,0.0,0.0,False,,1960,0.0,0.3333333333333333,0.0,0.0,0.0,0.0,1,False,1
Jo Siffert,Switzerland,"[1962, 1963, 1964, 1965, 1966, 1967, 1968, 1969, 1970, 1971]",0.0,100.0,96.0,2.0,2.0,6.0,4.0,68.0,False,,1970,0.02,0.96,0.02,0.06,0.04,0.68,10,False,0
André Simon,France,"[1951, 1952, 1955, 1956, 1957]",0.0,12.0,11.0,0.0,0.0,0.0,0.0,0.0,False,,1950,0.0,0.9166666666666666,0.0,0.0,0.0,0.0,5,False,1
Sergey Sirotkin,Russia,[2018],0.0,21.0,21.0,0.0,0.0,0.0,0.0,1.0,False,,2020,0.0,1.0,0.0,0.0,0.0,0.0476190476190476,1,False,1
Rob Slotemaker,Netherlands,[1962],0.0,1.0,0.0,0.0,0.0,0.0,0.0,0.0,False,,1960,0.0,0.0,0.0,0.0,0.0,0.0,1,False,1
Moisés Solana,Mexico,"[1963, 1964, 1965, 1966, 1967, 1968]",0.0,8.0,8.0,0.0,0.0,0.0,0.0,0.0,False,,1970,0.0,1.0,0.0,0.0,0.0,0.0,6,False,1
Alex Soler-Roig,Spain,"[1970, 1971, 1972]",0.0,10.0,6.0,0.0,0.0,0.0,0.0,0.0,False,,1970,0.0,0.6,0.0,0.0,0.0,0.0,3,False,1
Raymond Sommer,France,[1950],0.0,5.0,5.0,0.0,0.0,0.0,0.0,3.0,False,,1950,0.0,1.0,0.0,0.0,0.0,0.6,1,False,1
Vincenzo Sospiri,Italy,[1997],0.0,1.0,0.0,0.0,0.0,0.0,0.0,0.0,False,,2000,0.0,0.0,0.0,0.0,0.0,0.0,1,False,1
Stephen South,United Kingdom,[1980],0.0,1.0,0.0,0.0,0.0,0.0,0.0,0.0,False,,1980,0.0,0.0,0.0,0.0,0.0,0.0,1,False,1
Mike Sparken,France,[1955],0.0,1.0,1.0,0.0,0.0,0.0,0.0,0.0,False,,1960,0.0,1.0,0.0,0.0,0.0,0.0,1,False,1
Scott Speed,United States,"[2006, 2007]",0.0,28.0,28.0,0.0,0.0,0.0,0.0,0.0,False,,2010,0.0,1.0,0.0,0.0,0.0,0.0,2,False,1
Mike Spence,United Kingdom,"[1963, 1964, 1965, 1966, 1967, 1968]",0.0,37.0,36.0,0.0,0.0,1.0,0.0,27.0,False,,1970,0.0,0.972972972972973,0.0,0.027027027027027,0.0,0.7297297297297297,6,False,1
Alan Stacey,United Kingdom,"[1958, 1959, 1960]",0.0,7.0,7.0,0.0,0.0,0.0,0.0,0.0,False,,1960,0.0,1.0,0.0,0.0,0.0,0.0,3,False,1
Gaetano Starrabba,Italy,[1961],0.0,1.0,1.0,0.0,0.0,0.0,0.0,0.0,False,,1960,0.0,1.0,0.0,0.0,0.0,0.0,1,False,1
Will Stevens,United Kingdom,"[2014, 2015]",0.0,20.0,18.0,0.0,0.0,0.0,0.0,0.0,False,,2010,0.0,0.9,0.0,0.0,0.0,0.0,2,False,1
Chuck Stevenson,United States,"[1951, 1952, 1953, 1954, 1960]",0.0,5.0,5.0,0.0,0.0,0.0,0.0,0.0,False,,1950,0.0,1.0,0.0,0.0,0.0,0.0,5,False,1
Ian Stewart,United Kingdom,[1953],0.0,1.0,1.0,0.0,0.0,0.0,0.0,0.0,False,,1950,0.0,1.0,0.0,0.0,0.0,0.0,1,False,1
Jackie Stewart,United Kingdom,"[1965, 1966, 1967, 1968, 1969, 1970, 1971, 1972, 1973]",3.0,100.0,99.0,17.0,27.0,43.0,15.0,359.0,False,"[1969, 1971, 1973]",1970,0.17,0.99,0.27,0.43,0.15,3.59,9,True,2
Jimmy Stewart,United Kingdom,[1953],0.0,1.0,1.0,0.0,0.0,0.0,0.0,0.0,False,,1950,0.0,1.0,0.0,0.0,0.0,0.0,1,False,1
Siegfried Stohr,Italy,[1981],0.0,13.0,9.0,0.0,0.0,0.0,0.0,0.0,False,,1980,0.0,0.6923076923076923,0.0,0.0,0.0,0.0,1,False,1
Rolf Stommelen,West Germany,"[1970, 1971, 1972, 1973, 1974, 1975, 1976, 1978]",0.0,63.0,54.0,0.0,0.0,1.0,0.0,14.0,False,,1970,0.0,0.8571428571428571,0.0,0.0158730158730158,0.0,0.2222222222222222,8,False,1
Philippe Streiff,France,"[1984, 1985, 1986, 1987, 1988]",0.0,54.0,53.0,0.0,0.0,1.0,0.0,11.0,False,,1990,0.0,0.9814814814814816,0.0,0.0185185185185185,0.0,0.2037037037037037,5,False,1
Lance Stroll,Canada,"[2017, 2018, 2019, 2020, 2021, 2022]",0.0,124.0,123.0,1.0,0.0,3.0,0.0,202.0,True,,2020,0.0080645161290322,0.9919354838709676,0.0,0.0241935483870967,0.0,1.6290322580645162,6,False,0
Hans Stuck,West Germany,"[1951, 1952, 1953]",0.0,5.0,3.0,0.0,0.0,0.0,0.0,0.0,False,,1950,0.0,0.6,0.0,0.0,0.0,0.0,3,False,1
Hans-Joachim Stuck,West Germany,"[1974, 1975, 1976, 1977, 1978, 1979]",0.0,81.0,74.0,0.0,0.0,2.0,0.0,29.0,False,,1980,0.0,0.9135802469135802,0.0,0.0246913580246913,0.0,0.3580246913580246,6,False,1
Otto Stuppacher,Austria,[1976],0.0,3.0,0.0,0.0,0.0,0.0,0.0,0.0,False,,1980,0.0,0.0,0.0,0.0,0.0,0.0,1,False,1
Danny Sullivan,United States,[1983],0.0,15.0,15.0,0.0,0.0,0.0,0.0,2.0,False,,1980,0.0,1.0,0.0,0.0,0.0,0.1333333333333333,1,False,1
Marc Surer,Switzerland,"[1979, 1980, 1981, 1982, 1983, 1984, 1985, 1986]",0.0,88.0,82.0,0.0,0.0,0.0,1.0,17.0,False,,1980,0.0,0.9318181818181818,0.0,0.0,0.0113636363636363,0.1931818181818181,8,False,1
John Surtees,United Kingdom,"[1960, 1961, 1962, 1963, 1964, 1965, 1966, 1967, 1968, 1969, 1970, 1971, 1972]",1.0,113.0,111.0,8.0,6.0,24.0,10.0,180.0,False,[1964],1970,0.0707964601769911,0.9823008849557522,0.0530973451327433,0.2123893805309734,0.0884955752212389,1.592920353982301,13,True,0
Andy Sutcliffe,United Kingdom,[1977],0.0,1.0,0.0,0.0,0.0,0.0,0.0,0.0,False,,1980,0.0,0.0,0.0,0.0,0.0,0.0,1,False,1
Adrian Sutil,Germany,"[2007, 2008, 2009, 2010, 2011, 2013, 2014]",0.0,128.0,128.0,0.0,0.0,0.0,1.0,124.0,False,,2010,0.0,1.0,0.0,0.0,0.0078125,0.96875,7,False,0
Len Sutton,United States,"[1958, 1959, 1960]",0.0,4.0,3.0,0.0,0.0,0.0,0.0,0.0,False,,1960,0.0,0.75,0.0,0.0,0.0,0.0,3,False,1
Aguri Suzuki,Japan,"[1988, 1989, 1990, 1991, 1992, 1993, 1994, 1995]",0.0,88.0,65.0,0.0,0.0,1.0,0.0,8.0,False,,1990,0.0,0.7386363636363636,0.0,0.0113636363636363,0.0,0.0909090909090909,8,False,1
Toshio Suzuki,Japan,[1993],0.0,2.0,2.0,0.0,0.0,0.0,0.0,0.0,False,,1990,0.0,1.0,0.0,0.0,0.0,0.0,1,False,1
Jacques Swaters,Belgium,"[1951, 1953, 1954]",0.0,8.0,7.0,0.0,0.0,0.0,0.0,0.0,False,,1950,0.0,0.875,0.0,0.0,0.0,0.0,3,False,1
Bob Sweikert,United States,"[1952, 1953, 1954, 1955, 1956]",0.0,7.0,5.0,0.0,1.0,1.0,0.0,8.0,False,,1950,0.0,0.7142857142857143,0.1428571428571428,0.1428571428571428,0.0,1.1428571428571428,5,False,1
Toranosuke Takagi,Japan,"[1998, 1999]",0.0,32.0,32.0,0.0,0.0,0.0,0.0,0.0,False,,2000,0.0,1.0,0.0,0.0,0.0,0.0,2,False,1
Noritake Takahara,Japan,"[1976, 1977]",0.0,2.0,2.0,0.0,0.0,0.0,0.0,0.0,False,,1980,0.0,1.0,0.0,0.0,0.0,0.0,2,False,1
Kunimitsu Takahashi,Japan,[1977],0.0,1.0,1.0,0.0,0.0,0.0,0.0,0.0,False,,1980,0.0,1.0,0.0,0.0,0.0,0.0,1,False,1
Patrick Tambay,France,"[1977, 1978, 1979, 1981, 1982, 1983, 1984, 1985, 1986]",0.0,123.0,114.0,5.0,2.0,11.0,2.0,103.0,False,,1980,0.040650406504065,0.926829268292683,0.016260162601626,0.089430894308943,0.016260162601626,0.8373983739837398,9,False,0
Luigi Taramazzo,Italy,[1958],0.0,1.0,0.0,0.0,0.0,0.0,0.0,0.0,False,,1960,0.0,0.0,0.0,0.0,0.0,0.0,1,False,1
Gabriele Tarquini,Italy,"[1987, 1988, 1989, 1990, 1991, 1992, 1995]",0.0,79.0,38.0,0.0,0.0,0.0,0.0,1.0,False,,1990,0.0,0.4810126582278481,0.0,0.0,0.0,0.0126582278481012,7,False,1
Piero Taruffi,Italy,"[1950, 1951, 1952, 1954, 1955, 1956]",0.0,19.0,18.0,0.0,1.0,5.0,1.0,41.0,False,,1950,0.0,0.9473684210526316,0.0526315789473684,0.2631578947368421,0.0526315789473684,2.1578947368421053,6,False,1
Dennis Taylor,United Kingdom,[1959],0.0,1.0,0.0,0.0,0.0,0.0,0.0,0.0,False,,1960,0.0,0.0,0.0,0.0,0.0,0.0,1,False,1
Henry Taylor,United Kingdom,"[1959, 1960, 1961]",0.0,11.0,8.0,0.0,0.0,0.0,0.0,3.0,False,,1960,0.0,0.7272727272727273,0.0,0.0,0.0,0.2727272727272727,3,False,1
John Taylor,United Kingdom,"[1964, 1966]",0.0,5.0,5.0,0.0,0.0,0.0,0.0,1.0,False,,1960,0.0,1.0,0.0,0.0,0.0,0.2,2,False,1
Mike Taylor,United Kingdom,"[1959, 1960]",0.0,2.0,1.0,0.0,0.0,0.0,0.0,0.0,False,,1960,0.0,0.5,0.0,0.0,0.0,0.0,2,False,1
Trevor Taylor,United Kingdom,"[1959, 1961, 1962, 1963, 1964, 1966]",0.0,29.0,27.0,0.0,0.0,1.0,0.0,8.0,False,,1960,0.0,0.9310344827586208,0.0,0.0344827586206896,0.0,0.2758620689655172,6,False,1
Marshall Teague,United States,"[1953, 1954, 1957]",0.0,5.0,3.0,0.0,0.0,0.0,0.0,0.0,False,,1950,0.0,0.6,0.0,0.0,0.0,0.0,3,False,1
Shorty Templeman,United States,"[1955, 1958, 1960]",0.0,5.0,3.0,0.0,0.0,0.0,0.0,0.0,False,,1960,0.0,0.6,0.0,0.0,0.0,0.0,3,False,1
Max de Terra,Switzerland,"[1952, 1953]",0.0,2.0,2.0,0.0,0.0,0.0,0.0,0.0,False,,1950,0.0,1.0,0.0,0.0,0.0,0.0,2,False,1
André Testut,Monaco,"[1958, 1959]",0.0,2.0,0.0,0.0,0.0,0.0,0.0,0.0,False,,1960,0.0,0.0,0.0,0.0,0.0,0.0,2,False,1
Mike Thackwell,New Zealand,"[1980, 1984]",0.0,5.0,2.0,0.0,0.0,0.0,0.0,0.0,False,,1980,0.0,0.4,0.0,0.0,0.0,0.0,2,False,1
Alfonso Thiele,United States,[1960],0.0,1.0,1.0,0.0,0.0,0.0,0.0,0.0,False,,1960,0.0,1.0,0.0,0.0,0.0,0.0,1,False,1
Eric Thompson,United Kingdom,[1952],0.0,1.0,1.0,0.0,0.0,0.0,0.0,2.0,False,,1950,0.0,1.0,0.0,0.0,0.0,2.0,1,False,1
Johnny Thomson,United States,"[1953, 1954, 1955, 1956, 1957, 1958, 1959, 1960]",0.0,8.0,8.0,1.0,0.0,1.0,1.0,10.0,False,,1960,0.125,1.0,0.0,0.125,0.125,1.25,8,False,1
Leslie Thorne,United Kingdom,[1954],0.0,1.0,1.0,0.0,0.0,0.0,0.0,0.0,False,,1950,0.0,1.0,0.0,0.0,0.0,0.0,1,False,1
Bud Tingelstad,United States,[1960],0.0,1.0,1.0,0.0,0.0,0.0,0.0,0.0,False,,1960,0.0,1.0,0.0,0.0,0.0,0.0,1,False,1
Sam Tingle,Rhodesia,"[1963, 1965, 1967, 1968, 1969]",0.0,5.0,5.0,0.0,0.0,0.0,0.0,0.0,False,,1970,0.0,1.0,0.0,0.0,0.0,0.0,5,False,1
Desmond Titterington,United Kingdom,[1956],0.0,1.0,1.0,0.0,0.0,0.0,0.0,0.0,False,,1960,0.0,1.0,0.0,0.0,0.0,0.0,1,False,1
Johnnie Tolan,United States,"[1956, 1957, 1958]",0.0,7.0,3.0,0.0,0.0,0.0,0.0,0.0,False,,1960,0.0,0.4285714285714285,0.0,0.0,0.0,0.0,3,False,1
Alejandro de Tomaso,Argentina,"[1957, 1959]",0.0,2.0,2.0,0.0,0.0,0.0,0.0,0.0,False,,1960,0.0,1.0,0.0,0.0,0.0,0.0,2,False,1
Charles de Tornaco,Belgium,"[1952, 1953]",0.0,4.0,2.0,0.0,0.0,0.0,0.0,0.0,False,,1950,0.0,0.5,0.0,0.0,0.0,0.0,2,False,1
Tony Trimmer,United Kingdom,"[1975, 1976, 1977, 1978]",0.0,6.0,0.0,0.0,0.0,0.0,0.0,0.0,False,,1980,0.0,0.0,0.0,0.0,0.0,0.0,4,False,1
Maurice Trintignant,France,"[1950, 1951, 1952, 1953, 1954, 1955, 1956, 1957, 1958, 1959, 1960, 1961, 1962, 1963, 1964]",0.0,84.0,82.0,0.0,2.0,10.0,1.0,72.33,False,,1960,0.0,0.9761904761904762,0.0238095238095238,0.119047619047619,0.0119047619047619,0.8610714285714286,15,False,0
Wolfgang von Trips,West Germany,"[1956, 1957, 1958, 1959, 1960, 1961]",0.0,29.0,27.0,1.0,2.0,6.0,0.0,56.0,False,,1960,0.0344827586206896,0.9310344827586208,0.0689655172413793,0.2068965517241379,0.0,1.9310344827586208,6,False,1
Jarno Trulli,Italy,"[1997, 1998, 1999, 2000, 2001, 2002, 2003, 2004, 2005, 2006, 2007, 2008, 2009, 2010, 2011]",0.0,256.0,252.0,4.0,1.0,11.0,1.0,246.5,False,,2000,0.015625,0.984375,0.00390625,0.04296875,0.00390625,0.962890625,15,False,0
Yuki Tsunoda,Japan,"[2021, 2022]",0.0,45.0,43.0,0.0,0.0,0.0,0.0,44.0,True,,2020,0.0,0.9555555555555556,0.0,0.0,0.0,0.9777777777777776,2,False,1
Esteban Tuero,Argentina,[1998],0.0,16.0,16.0,0.0,0.0,0.0,0.0,0.0,False,,2000,0.0,1.0,0.0,0.0,0.0,0.0,1,False,1
Guy Tunmer,South Africa,[1975],0.0,1.0,1.0,0.0,0.0,0.0,0.0,0.0,False,,1980,0.0,1.0,0.0,0.0,0.0,0.0,1,False,1
Jack Turner,United States,"[1956, 1957, 1958, 1959]",0.0,5.0,4.0,0.0,0.0,0.0,0.0,0.0,False,,1960,0.0,0.8,0.0,0.0,0.0,0.0,4,False,1
Toni Ulmen,West Germany,[1952],0.0,2.0,2.0,0.0,0.0,0.0,0.0,0.0,False,,1950,0.0,1.0,0.0,0.0,0.0,0.0,1,False,1
Bobby Unser,United States,[1968],0.0,2.0,1.0,0.0,0.0,0.0,0.0,0.0,False,,1970,0.0,0.5,0.0,0.0,0.0,0.0,1,False,1
Jerry Unser Jr.,United States,[1958],0.0,1.0,1.0,0.0,0.0,0.0,0.0,0.0,False,,1960,0.0,1.0,0.0,0.0,0.0,0.0,1,False,1
Alberto Uria,Uruguay,"[1955, 1956]",0.0,2.0,2.0,0.0,0.0,0.0,0.0,0.0,False,,1960,0.0,1.0,0.0,0.0,0.0,0.0,2,False,1
Nino Vaccarella,Italy,"[1961, 1962, 1965]",0.0,5.0,4.0,0.0,0.0,0.0,0.0,0.0,False,,1960,0.0,0.8,0.0,0.0,0.0,0.0,3,False,1
Stoffel Vandoorne,Belgium,"[2016, 2017, 2018]",0.0,42.0,41.0,0.0,0.0,0.0,0.0,26.0,False,,2020,0.0,0.9761904761904762,0.0,0.0,0.0,0.6190476190476191,3,False,1
Bob Veith,United States,"[1956, 1957, 1958, 1959, 1960]",0.0,5.0,5.0,0.0,0.0,0.0,0.0,0.0,False,,1960,0.0,1.0,0.0,0.0,0.0,0.0,5,False,1
Jean-Éric Vergne,France,"[2012, 2013, 2014]",0.0,58.0,58.0,0.0,0.0,0.0,0.0,51.0,False,,2010,0.0,1.0,0.0,0.0,0.0,0.8793103448275862,3,False,1
Jos Verstappen,Netherlands,"[1994, 1995, 1996, 1997, 1998, 2000, 2001, 2003]",0.0,107.0,106.0,0.0,0.0,2.0,0.0,17.0,False,,2000,0.0,0.9906542056074766,0.0,0.0186915887850467,0.0,0.1588785046728972,8,False,1
Max Verstappen,Netherlands,"[2015, 2016, 2017, 2018, 2019, 2020, 2021, 2022]",2.0,164.0,164.0,21.0,36.0,78.0,21.0,2036.5,True,"[2021, 2022]",2020,0.1280487804878048,1.0,0.2195121951219512,0.4756097560975609,0.1280487804878048,12.417682926829269,8,True,2
Sebastian Vettel,Germany,"[2007, 2008, 2009, 2010, 2011, 2012, 2013, 2014, 2015, 2016, 2017, 2018, 2019, 2020, 2021, 2022]",4.0,300.0,299.0,57.0,53.0,122.0,38.0,3098.0,False,"[2010, 2011, 2012, 2013]",2010,0.19,0.9966666666666668,0.1766666666666666,0.4066666666666667,0.1266666666666666,10.326666666666666,16,True,2
Gilles Villeneuve,Canada,"[1977, 1978, 1979, 1980, 1981, 1982]",0.0,68.0,67.0,2.0,6.0,13.0,8.0,101.0,False,,1980,0.0294117647058823,0.9852941176470588,0.088235294117647,0.1911764705882352,0.1176470588235294,1.4852941176470589,6,False,0
Jacques Villeneuve,Canada,"[1996, 1997, 1998, 1999, 2000, 2001, 2002, 2003, 2004, 2005, 2006]",1.0,165.0,163.0,13.0,11.0,23.0,9.0,235.0,False,[1997],2000,0.0787878787878787,0.987878787878788,0.0666666666666666,0.1393939393939394,0.0545454545454545,1.4242424242424243,11,True,0
Jacques Villeneuve Sr.,Canada,"[1981, 1983]",0.0,3.0,0.0,0.0,0.0,0.0,0.0,0.0,False,,1980,0.0,0.0,0.0,0.0,0.0,0.0,2,False,1
Luigi Villoresi,Italy,"[1950, 1951, 1952, 1953, 1954, 1955, 1956]",0.0,34.0,31.0,0.0,0.0,8.0,1.0,46.0,False,,1950,0.0,0.9117647058823528,0.0,0.2352941176470588,0.0294117647058823,1.3529411764705883,7,False,1
Emilio de Villota,Spain,"[1976, 1977, 1978, 1981, 1982]",0.0,15.0,2.0,0.0,0.0,0.0,0.0,0.0,False,,1980,0.0,0.1333333333333333,0.0,0.0,0.0,0.0,5,False,1
Ottorino Volonterio,Switzerland,"[1954, 1956, 1957]",0.0,3.0,3.0,0.0,0.0,0.0,0.0,0.0,False,,1960,0.0,1.0,0.0,0.0,0.0,0.0,3,False,1
Jo Vonlanthen,Switzerland,[1975],0.0,1.0,1.0,0.0,0.0,0.0,0.0,0.0,False,,1980,0.0,1.0,0.0,0.0,0.0,0.0,1,False,1
Ernie de Vos,Canada,[1963],0.0,1.0,0.0,0.0,0.0,0.0,0.0,0.0,False,,1960,0.0,0.0,0.0,0.0,0.0,0.0,1,False,1
Nyck de Vries,Netherlands,[2022],0.0,2.0,2.0,0.0,0.0,0.0,0.0,2.0,True,,2020,0.0,1.0,0.0,0.0,0.0,1.0,1,False,1
Bill Vukovich,United States,"[1951, 1952, 1953, 1954, 1955]",0.0,6.0,5.0,1.0,2.0,2.0,3.0,19.0,False,,1950,0.1666666666666666,0.8333333333333334,0.3333333333333333,0.3333333333333333,0.5,3.1666666666666665,5,False,0
Syd van der Vyver,South Africa,[1962],0.0,1.0,0.0,0.0,0.0,0.0,0.0,0.0,False,,1960,0.0,0.0,0.0,0.0,0.0,0.0,1,False,1
Fred Wacker,United States,"[1953, 1954]",0.0,5.0,3.0,0.0,0.0,0.0,0.0,0.0,False,,1950,0.0,0.6,0.0,0.0,0.0,0.0,2,False,1
David Walker,Australia,"[1971, 1972]",0.0,11.0,11.0,0.0,0.0,0.0,0.0,0.0,False,,1970,0.0,1.0,0.0,0.0,0.0,0.0,2,False,1
Peter Walker,United Kingdom,"[1950, 1951, 1955]",0.0,4.0,4.0,0.0,0.0,0.0,0.0,0.0,False,,1950,0.0,1.0,0.0,0.0,0.0,0.0,3,False,1
Lee Wallard,United States,"[1950, 1951]",0.0,3.0,2.0,0.0,1.0,1.0,1.0,9.0,False,,1950,0.0,0.6666666666666666,0.3333333333333333,0.3333333333333333,0.3333333333333333,3.0,2,False,0
Heini Walter,Switzerland,[1962],0.0,1.0,1.0,0.0,0.0,0.0,0.0,0.0,False,,1960,0.0,1.0,0.0,0.0,0.0,0.0,1,False,1
Rodger Ward,United States,"[1951, 1952, 1953, 1954, 1955, 1956, 1957, 1958, 1959, 1960, 1963]",0.0,12.0,12.0,0.0,1.0,2.0,0.0,14.0,False,,1960,0.0,1.0,0.0833333333333333,0.1666666666666666,0.0,1.1666666666666667,11,False,1
Derek Warwick,United Kingdom,"[1981, 1982, 1983, 1984, 1985, 1986, 1987, 1988, 1989, 1990, 1993]",0.0,162.0,147.0,0.0,0.0,4.0,2.0,71.0,False,,1990,0.0,0.9074074074074074,0.0,0.0246913580246913,0.0123456790123456,0.4382716049382716,11,False,0
John Watson,United Kingdom,"[1973, 1974, 1975, 1976, 1977, 1978, 1979, 1980, 1981, 1982, 1983, 1985]",0.0,154.0,152.0,2.0,5.0,20.0,5.0,169.0,False,,1980,0.0129870129870129,0.987012987012987,0.0324675324675324,0.1298701298701298,0.0324675324675324,1.0974025974025974,12,False,0
Spider Webb,United States,"[1950, 1952, 1953, 1954]",0.0,5.0,4.0,0.0,0.0,0.0,0.0,0.0,False,,1950,0.0,0.8,0.0,0.0,0.0,0.0,4,False,1
Mark Webber,Australia,"[2002, 2003, 2004, 2005, 2006, 2007, 2008, 2009, 2010, 2011, 2012, 2013]",0.0,217.0,215.0,13.0,9.0,42.0,19.0,1047.5,False,,2010,0.0599078341013824,0.9907834101382488,0.0414746543778801,0.1935483870967742,0.0875576036866359,4.8271889400921655,12,False,0
Pascal Wehrlein,Germany,"[2016, 2017]",0.0,40.0,39.0,0.0,0.0,0.0,0.0,6.0,False,,2020,0.0,0.975,0.0,0.0,0.0,0.15,2,False,1
Volker Weidler,West Germany,[1989],0.0,10.0,0.0,0.0,0.0,0.0,0.0,0.0,False,,1990,0.0,0.0,0.0,0.0,0.0,0.0,1,False,1
Wayne Weiler,United States,[1960],0.0,1.0,1.0,0.0,0.0,0.0,0.0,0.0,False,,1960,0.0,1.0,0.0,0.0,0.0,0.0,1,False,1
Karl Wendlinger,Austria,"[1991, 1992, 1993, 1994, 1995]",0.0,42.0,41.0,0.0,0.0,0.0,0.0,14.0,False,,1990,0.0,0.9761904761904762,0.0,0.0,0.0,0.3333333333333333,5,False,1
Peter Westbury,United Kingdom,[1970],0.0,2.0,1.0,0.0,0.0,0.0,0.0,0.0,False,,1970,0.0,0.5,0.0,0.0,0.0,0.0,1,False,1
Chuck Weyant,United States,"[1955, 1957, 1958, 1959]",0.0,6.0,4.0,0.0,0.0,0.0,0.0,0.0,False,,1960,0.0,0.6666666666666666,0.0,0.0,0.0,0.0,4,False,1
Ken Wharton,United Kingdom,"[1952, 1953, 1954, 1955]",0.0,16.0,15.0,0.0,0.0,0.0,0.0,3.0,False,,1950,0.0,0.9375,0.0,0.0,0.0,0.1875,4,False,1
Ted Whiteaway,United Kingdom,[1955],0.0,1.0,0.0,0.0,0.0,0.0,0.0,0.0,False,,1960,0.0,0.0,0.0,0.0,0.0,0.0,1,False,1
Graham Whitehead,United Kingdom,[1952],0.0,1.0,1.0,0.0,0.0,0.0,0.0,0.0,False,,1950,0.0,1.0,0.0,0.0,0.0,0.0,1,False,1
Peter Whitehead,United Kingdom,"[1950, 1951, 1952, 1953, 1954]",0.0,12.0,10.0,0.0,0.0,1.0,0.0,4.0,False,,1950,0.0,0.8333333333333334,0.0,0.0833333333333333,0.0,0.3333333333333333,5,False,1
Bill Whitehouse,United Kingdom,[1954],0.0,1.0,1.0,0.0,0.0,0.0,0.0,0.0,False,,1950,0.0,1.0,0.0,0.0,0.0,0.0,1,False,1
Robin Widdows,United Kingdom,[1968],0.0,1.0,1.0,0.0,0.0,0.0,0.0,0.0,False,,1970,0.0,1.0,0.0,0.0,0.0,0.0,1,False,1
Eppie Wietzes,Canada,"[1967, 1974]",0.0,2.0,2.0,0.0,0.0,0.0,0.0,0.0,False,,1970,0.0,1.0,0.0,0.0,0.0,0.0,2,False,1
Mike Wilds,United Kingdom,"[1974, 1975, 1976]",0.0,8.0,3.0,0.0,0.0,0.0,0.0,0.0,False,,1980,0.0,0.375,0.0,0.0,0.0,0.0,3,False,1
Jonathan Williams,United Kingdom,[1967],0.0,1.0,1.0,0.0,0.0,0.0,0.0,0.0,False,,1970,0.0,1.0,0.0,0.0,0.0,0.0,1,False,1
Roger Williamson,United Kingdom,[1973],0.0,2.0,2.0,0.0,0.0,0.0,0.0,0.0,False,,1970,0.0,1.0,0.0,0.0,0.0,0.0,1,False,1
Dempsey Wilson,United States,"[1958, 1960]",0.0,5.0,2.0,0.0,0.0,0.0,0.0,0.0,False,,1960,0.0,0.4,0.0,0.0,0.0,0.0,2,False,1
Desiré Wilson,South Africa,[1980],0.0,1.0,0.0,0.0,0.0,0.0,0.0,0.0,False,,1980,0.0,0.0,0.0,0.0,0.0,0.0,1,False,1
Justin Wilson,United Kingdom,[2003],0.0,16.0,16.0,0.0,0.0,0.0,0.0,1.0,False,,2000,0.0,1.0,0.0,0.0,0.0,0.0625,1,False,1
Vic Wilson,United Kingdom,"[1960, 1966]",0.0,2.0,1.0,0.0,0.0,0.0,0.0,0.0,False,,1960,0.0,0.5,0.0,0.0,0.0,0.0,2,False,1
Joachim Winkelhock,West Germany,[1989],0.0,7.0,0.0,0.0,0.0,0.0,0.0,0.0,False,,1990,0.0,0.0,0.0,0.0,0.0,0.0,1,False,1
Manfred Winkelhock,West Germany,"[1980, 1982, 1983, 1984, 1985]",0.0,56.0,47.0,0.0,0.0,0.0,0.0,2.0,False,,1980,0.0,0.8392857142857143,0.0,0.0,0.0,0.0357142857142857,5,False,1
Markus Winkelhock,Germany,[2007],0.0,1.0,1.0,0.0,0.0,0.0,0.0,0.0,False,,2010,0.0,1.0,0.0,0.0,0.0,0.0,1,False,1
Reine Wisell,Sweden,"[1970, 1971, 1972, 1973, 1974]",0.0,23.0,22.0,0.0,0.0,1.0,0.0,13.0,False,,1970,0.0,0.9565217391304348,0.0,0.0434782608695652,0.0,0.5652173913043478,5,False,1
Roelof Wunderink,Netherlands,[1975],0.0,6.0,3.0,0.0,0.0,0.0,0.0,0.0,False,,1980,0.0,0.5,0.0,0.0,0.0,0.0,1,False,1
Alexander Wurz,Austria,"[1997, 1998, 1999, 2000, 2005, 2007]",0.0,69.0,69.0,0.0,0.0,3.0,1.0,45.0,False,,2000,0.0,1.0,0.0,0.0434782608695652,0.0144927536231884,0.6521739130434783,6,False,1
Sakon Yamamoto,Japan,"[2006, 2007, 2010]",0.0,21.0,21.0,0.0,0.0,0.0,0.0,0.0,False,,2010,0.0,1.0,0.0,0.0,0.0,0.0,3,False,1
Alex Yoong,Malaysia,"[2001, 2002]",0.0,18.0,14.0,0.0,0.0,0.0,0.0,0.0,False,,2000,0.0,0.7777777777777778,0.0,0.0,0.0,0.0,2,False,1
Alessandro Zanardi,Italy,"[1991, 1992, 1993, 1994, 1999]",0.0,44.0,41.0,0.0,0.0,0.0,0.0,1.0,False,,1990,0.0,0.9318181818181818,0.0,0.0,0.0,0.0227272727272727,5,False,1
Emilio Zapico,Spain,[1976],0.0,1.0,0.0,0.0,0.0,0.0,0.0,0.0,False,,1980,0.0,0.0,0.0,0.0,0.0,0.0,1,False,1
Zhou Guanyu,China,[2022],0.0,23.0,23.0,0.0,0.0,0.0,2.0,6.0,True,,2020,0.0,1.0,0.0,0.0,0.0869565217391304,0.2608695652173913,1,False,1
Ricardo Zonta,Brazil,"[1999, 2000, 2001, 2004, 2005]",0.0,37.0,36.0,0.0,0.0,0.0,0.0,3.0,False,,2000,0.0,0.972972972972973,0.0,0.0,0.0,0.081081081081081,5,False,1
Renzo Zorzi,Italy,"[1975, 1976, 1977]",0.0,7.0,7.0,0.0,0.0,0.0,0.0,1.0,False,,1980,0.0,1.0,0.0,0.0,0.0,0.1428571428571428,3,False,1
Ricardo Zunino,Argentina,"[1979, 1980, 1981]",0.0,11.0,10.0,0.0,0.0,0.0,0.0,0.0,False,,1980,0.0,0.9090909090909092,0.0,0.0,0.0,0.0,3,False,1
